TimeInterval,GantryID,Direction,VehicleType,交通量
2024-02-27 13:35,基隆-基隆端,北上,小客車,78
2024-02-27 13:35,基隆-基隆端,北上,小貨車,36
2024-02-27 13:35,基隆-基隆端,北上,大客車,3
2024-02-27 13:35,基隆-基隆端,北上,大貨車,2
2024-02-27 13:35,基隆-基隆端,北上,聯結車,0
2024-02-27 13:35,基隆端-基隆,南下,小客車,96
2024-02-27 13:35,基隆端-基隆,南下,小貨車,34
2024-02-27 13:35,基隆端-基隆,南下,大客車,2
2024-02-27 13:35,基隆端-基隆,南下,大貨車,2
2024-02-27 13:35,基隆端-基隆,南下,聯結車,0
2024-02-27 13:35,八堵-基隆,北上,小客車,72
2024-02-27 13:35,八堵-基隆,北上,小貨車,26
2024-02-27 13:35,八堵-基隆,北上,大客車,2
2024-02-27 13:35,八堵-基隆,北上,大貨車,1
2024-02-27 13:35,八堵-基隆,北上,聯結車,0
2024-02-27 13:35,基隆-八堵,南下,小客車,75
2024-02-27 13:35,基隆-八堵,南下,小貨車,32
2024-02-27 13:35,基隆-八堵,南下,大客車,4
2024-02-27 13:35,基隆-八堵,南下,大貨車,1
2024-02-27 13:35,基隆-八堵,南下,聯結車,6
2024-02-27 13:35,大華系統-八堵,北上,小客車,83
2024-02-27 13:35,大華系統-八堵,北上,小貨車,33
2024-02-27 13:35,大華系統-八堵,北上,大客車,3
2024-02-27 13:35,大華系統-八堵,北上,大貨車,2
2024-02-27 13:35,大華系統-八堵,北上,聯結車,0
2024-02-27 13:35,八堵-大華系統,南下,小客車,111
2024-02-27 13:35,八堵-大華系統,南下,小貨車,44
2024-02-27 13:35,八堵-大華系統,南下,大客車,6
2024-02-27 13:35,八堵-大華系統,南下,大貨車,3
2024-02-27 13:35,八堵-大華系統,南下,聯結車,5
2024-02-27 13:35,五堵-大華系統,北上,小客車,127
2024-02-27 13:35,五堵-大華系統,北上,小貨車,59
2024-02-27 13:35,五堵-大華系統,北上,大客車,3
2024-02-27 13:35,五堵-大華系統,北上,大貨車,15
2024-02-27 13:35,五堵-大華系統,北上,聯結車,15
2024-02-27 13:35,大華系統-五堵,南下,小客車,159
2024-02-27 13:35,大華系統-五堵,南下,小貨車,76
2024-02-27 13:35,大華系統-五堵,南下,大客車,7
2024-02-27 13:35,大華系統-五堵,南下,大貨車,15
2024-02-27 13:35,大華系統-五堵,南下,聯結車,28
2024-02-27 13:35,汐止&汐止系統-五堵,北上,小客車,148
2024-02-27 13:35,汐止&汐止系統-五堵,北上,小貨車,75
2024-02-27 13:35,汐止&汐止系統-五堵,北上,大客車,6
2024-02-27 13:35,汐止&汐止系統-五堵,北上,大貨車,11
2024-02-27 13:35,汐止&汐止系統-五堵,北上,聯結車,16
2024-02-27 13:35,五堵-汐止&汐止系統,南下,小客車,166
2024-02-27 13:35,五堵-汐止&汐止系統,南下,小貨車,79
2024-02-27 13:35,五堵-汐止&汐止系統,南下,大客車,8
2024-02-27 13:35,五堵-汐止&汐止系統,南下,大貨車,18
2024-02-27 13:35,五堵-汐止&汐止系統,南下,聯結車,26
2024-02-27 13:35,東湖-汐止&汐止系統,北上,小客車,135
2024-02-27 13:35,東湖-汐止&汐止系統,北上,小貨車,56
2024-02-27 13:35,東湖-汐止&汐止系統,北上,大客車,4
2024-02-27 13:35,東湖-汐止&汐止系統,北上,大貨車,21
2024-02-27 13:35,東湖-汐止&汐止系統,北上,聯結車,24
2024-02-27 13:35,汐止&汐止系統-東湖,南下,小客車,144
2024-02-27 13:35,汐止&汐止系統-東湖,南下,小貨車,43
2024-02-27 13:35,汐止&汐止系統-東湖,南下,大客車,5
2024-02-27 13:35,汐止&汐止系統-東湖,南下,大貨車,19
2024-02-27 13:35,汐止&汐止系統-東湖,南下,聯結車,24
2024-02-27 13:35,內湖-東湖,北上,小客車,170
2024-02-27 13:35,內湖-東湖,北上,小貨車,72
2024-02-27 13:35,內湖-東湖,北上,大客車,3
2024-02-27 13:35,內湖-東湖,北上,大貨車,21
2024-02-27 13:35,內湖-東湖,北上,聯結車,20
2024-02-27 13:35,東湖-內湖,南下,小客車,204
2024-02-27 13:35,東湖-內湖,南下,小貨車,73
2024-02-27 13:35,東湖-內湖,南下,大客車,4
2024-02-27 13:35,東湖-內湖,南下,大貨車,26
2024-02-27 13:35,東湖-內湖,南下,聯結車,26
2024-02-27 13:35,內湖-圓山,南下,小客車,156
2024-02-27 13:35,內湖-圓山,南下,小貨車,81
2024-02-27 13:35,內湖-圓山,南下,大客車,1
2024-02-27 13:35,內湖-圓山,南下,大貨車,18
2024-02-27 13:35,內湖-圓山,南下,聯結車,26
2024-02-27 13:35,圓山-內湖,北上,小客車,163
2024-02-27 13:35,圓山-內湖,北上,小貨車,49
2024-02-27 13:35,圓山-內湖,北上,大客車,3
2024-02-27 13:35,圓山-內湖,北上,大貨車,19
2024-02-27 13:35,圓山-內湖,北上,聯結車,32
2024-02-27 13:35,台北-圓山,北上,小客車,360
2024-02-27 13:35,台北-圓山,北上,小貨車,123
2024-02-27 13:35,台北-圓山,北上,大客車,4
2024-02-27 13:35,台北-圓山,北上,大貨車,19
2024-02-27 13:35,台北-圓山,北上,聯結車,29
2024-02-27 13:35,圓山-台北,南下,小客車,357
2024-02-27 13:35,圓山-台北,南下,小貨車,119
2024-02-27 13:35,圓山-台北,南下,大客車,4
2024-02-27 13:35,圓山-台北,南下,大貨車,27
2024-02-27 13:35,圓山-台北,南下,聯結車,25
2024-02-27 13:35,三重-台北,北上,小客車,313
2024-02-27 13:35,三重-台北,北上,小貨車,106
2024-02-27 13:35,三重-台北,北上,大客車,5
2024-02-27 13:35,三重-台北,北上,大貨車,28
2024-02-27 13:35,三重-台北,北上,聯結車,29
2024-02-27 13:35,台北-三重,南下,小客車,289
2024-02-27 13:35,台北-三重,南下,小貨車,93
2024-02-27 13:35,台北-三重,南下,大客車,7
2024-02-27 13:35,台北-三重,南下,大貨車,24
2024-02-27 13:35,台北-三重,南下,聯結車,18
2024-02-27 13:35,五股-三重,北上,小客車,250
2024-02-27 13:35,五股-三重,北上,小貨車,83
2024-02-27 13:35,五股-三重,北上,大客車,9
2024-02-27 13:35,五股-三重,北上,大貨車,31
2024-02-27 13:35,五股-三重,北上,聯結車,24
2024-02-27 13:35,三重-五股,南下,小客車,263
2024-02-27 13:35,三重-五股,南下,小貨車,99
2024-02-27 13:35,三重-五股,南下,大客車,13
2024-02-27 13:35,三重-五股,南下,大貨車,27
2024-02-27 13:35,三重-五股,南下,聯結車,12
2024-02-27 13:35,五股-高公局,南下,小客車,417
2024-02-27 13:35,五股-高公局,南下,小貨車,173
2024-02-27 13:35,五股-高公局,南下,大客車,10
2024-02-27 13:35,五股-高公局,南下,大貨車,30
2024-02-27 13:35,五股-高公局,南下,聯結車,12
2024-02-27 13:35,高公局-五股,北上,小客車,430
2024-02-27 13:35,高公局-五股,北上,小貨車,155
2024-02-27 13:35,高公局-五股,北上,大客車,16
2024-02-27 13:35,高公局-五股,北上,大貨車,31
2024-02-27 13:35,高公局-五股,北上,聯結車,19
2024-02-27 13:35,林口(北)-高公局,北上,小客車,357
2024-02-27 13:35,林口(北)-高公局,北上,小貨車,143
2024-02-27 13:35,林口(北)-高公局,北上,大客車,11
2024-02-27 13:35,林口(北)-高公局,北上,大貨車,37
2024-02-27 13:35,林口(北)-高公局,北上,聯結車,30
2024-02-27 13:35,高公局-林口(北),南下,小客車,320
2024-02-27 13:35,高公局-林口(北),南下,小貨車,139
2024-02-27 13:35,高公局-林口(北),南下,大客車,5
2024-02-27 13:35,高公局-林口(北),南下,大貨車,32
2024-02-27 13:35,高公局-林口(北),南下,聯結車,13
2024-02-27 13:35,林口(南)-林口(北),北上,小客車,200
2024-02-27 13:35,林口(南)-林口(北),北上,小貨車,94
2024-02-27 13:35,林口(南)-林口(北),北上,大客車,7
2024-02-27 13:35,林口(南)-林口(北),北上,大貨車,18
2024-02-27 13:35,林口(南)-林口(北),北上,聯結車,18
2024-02-27 13:35,林口(北)-林口(南),南下,小客車,182
2024-02-27 13:35,林口(北)-林口(南),南下,小貨車,86
2024-02-27 13:35,林口(北)-林口(南),南下,大客車,7
2024-02-27 13:35,林口(北)-林口(南),南下,大貨車,17
2024-02-27 13:35,林口(北)-林口(南),南下,聯結車,15
2024-02-27 13:35,桃園(北)-林口(南),北上,小客車,338
2024-02-27 13:35,桃園(北)-林口(南),北上,小貨車,121
2024-02-27 13:35,桃園(北)-林口(南),北上,大客車,8
2024-02-27 13:35,桃園(北)-林口(南),北上,大貨車,45
2024-02-27 13:35,桃園(北)-林口(南),北上,聯結車,22
2024-02-27 13:35,林口(南)-桃園(北),南下,小客車,299
2024-02-27 13:35,林口(南)-桃園(北),南下,小貨車,145
2024-02-27 13:35,林口(南)-桃園(北),南下,大客車,7
2024-02-27 13:35,林口(南)-桃園(北),南下,大貨車,36
2024-02-27 13:35,林口(南)-桃園(北),南下,聯結車,14
2024-02-27 13:35,桃園(南)-桃園(北),北上,小客車,210
2024-02-27 13:35,桃園(南)-桃園(北),北上,小貨車,88
2024-02-27 13:35,桃園(南)-桃園(北),北上,大客車,4
2024-02-27 13:35,桃園(南)-桃園(北),北上,大貨車,35
2024-02-27 13:35,桃園(南)-桃園(北),北上,聯結車,17
2024-02-27 13:35,桃園(北)-桃園(南),南下,小客車,190
2024-02-27 13:35,桃園(北)-桃園(南),南下,小貨車,81
2024-02-27 13:35,桃園(北)-桃園(南),南下,大客車,5
2024-02-27 13:35,桃園(北)-桃園(南),南下,大貨車,33
2024-02-27 13:35,桃園(北)-桃園(南),南下,聯結車,5
2024-02-27 13:35,機場系統-桃園(南),北上,小客車,357
2024-02-27 13:35,機場系統-桃園(南),北上,小貨車,141
2024-02-27 13:35,機場系統-桃園(南),北上,大客車,3
2024-02-27 13:35,機場系統-桃園(南),北上,大貨車,50
2024-02-27 13:35,機場系統-桃園(南),北上,聯結車,21
2024-02-27 13:35,桃園(南)-機場系統,南下,小客車,275
2024-02-27 13:35,桃園(南)-機場系統,南下,小貨車,149
2024-02-27 13:35,桃園(南)-機場系統,南下,大客車,8
2024-02-27 13:35,桃園(南)-機場系統,南下,大貨車,46
2024-02-27 13:35,桃園(南)-機場系統,南下,聯結車,22
2024-02-27 13:35,中壢服務區-機場系統,北上,小客車,283
2024-02-27 13:35,中壢服務區-機場系統,北上,小貨車,122
2024-02-27 13:35,中壢服務區-機場系統,北上,大客車,6
2024-02-27 13:35,中壢服務區-機場系統,北上,大貨車,38
2024-02-27 13:35,中壢服務區-機場系統,北上,聯結車,17
2024-02-27 13:35,機場系統-中壢服務區,南下,小客車,228
2024-02-27 13:35,機場系統-中壢服務區,南下,小貨車,85
2024-02-27 13:35,機場系統-中壢服務區,南下,大客車,3
2024-02-27 13:35,機場系統-中壢服務區,南下,大貨車,32
2024-02-27 13:35,機場系統-中壢服務區,南下,聯結車,25
2024-02-27 13:35,內壢-中壢服務區,北上,小客車,290
2024-02-27 13:35,內壢-中壢服務區,北上,小貨車,136
2024-02-27 13:35,內壢-中壢服務區,北上,大客車,4
2024-02-27 13:35,內壢-中壢服務區,北上,大貨車,41
2024-02-27 13:35,內壢-中壢服務區,北上,聯結車,20
2024-02-27 13:35,中壢服務區-內壢,南下,小客車,270
2024-02-27 13:35,中壢服務區-內壢,南下,小貨車,107
2024-02-27 13:35,中壢服務區-內壢,南下,大客車,4
2024-02-27 13:35,中壢服務區-內壢,南下,大貨車,46
2024-02-27 13:35,中壢服務區-內壢,南下,聯結車,24
2024-02-27 13:35,內壢-中壢,南下,小客車,190
2024-02-27 13:35,內壢-中壢,南下,小貨車,92
2024-02-27 13:35,內壢-中壢,南下,大客車,3
2024-02-27 13:35,內壢-中壢,南下,大貨車,39
2024-02-27 13:35,內壢-中壢,南下,聯結車,20
2024-02-27 13:35,中壢-內壢,北上,小客車,245
2024-02-27 13:35,中壢-內壢,北上,小貨車,126
2024-02-27 13:35,中壢-內壢,北上,大客車,4
2024-02-27 13:35,中壢-內壢,北上,大貨車,33
2024-02-27 13:35,中壢-內壢,北上,聯結車,20
2024-02-27 13:35,平鎮系統-中壢,北上,小客車,218
2024-02-27 13:35,平鎮系統-中壢,北上,小貨車,92
2024-02-27 13:35,平鎮系統-中壢,北上,大客車,4
2024-02-27 13:35,平鎮系統-中壢,北上,大貨車,48
2024-02-27 13:35,平鎮系統-中壢,北上,聯結車,20
2024-02-27 13:35,中壢-平鎮系統,南下,小客車,179
2024-02-27 13:35,中壢-平鎮系統,南下,小貨車,112
2024-02-27 13:35,中壢-平鎮系統,南下,大客車,0
2024-02-27 13:35,中壢-平鎮系統,南下,大貨車,40
2024-02-27 13:35,中壢-平鎮系統,南下,聯結車,18
2024-02-27 13:35,幼獅-平鎮系統,北上,小客車,178
2024-02-27 13:35,幼獅-平鎮系統,北上,小貨車,85
2024-02-27 13:35,幼獅-平鎮系統,北上,大客車,10
2024-02-27 13:35,幼獅-平鎮系統,北上,大貨車,51
2024-02-27 13:35,幼獅-平鎮系統,北上,聯結車,24
2024-02-27 13:35,平鎮系統-幼獅,南下,小客車,144
2024-02-27 13:35,平鎮系統-幼獅,南下,小貨車,85
2024-02-27 13:35,平鎮系統-幼獅,南下,大客車,0
2024-02-27 13:35,平鎮系統-幼獅,南下,大貨車,41
2024-02-27 13:35,平鎮系統-幼獅,南下,聯結車,22
2024-02-27 13:35,楊梅-幼獅,北上,小客車,162
2024-02-27 13:35,楊梅-幼獅,北上,小貨車,85
2024-02-27 13:35,楊梅-幼獅,北上,大客車,5
2024-02-27 13:35,楊梅-幼獅,北上,大貨車,48
2024-02-27 13:35,楊梅-幼獅,北上,聯結車,27
2024-02-27 13:35,幼獅-楊梅,南下,小客車,136
2024-02-27 13:35,幼獅-楊梅,南下,小貨車,60
2024-02-27 13:35,幼獅-楊梅,南下,大客車,0
2024-02-27 13:35,幼獅-楊梅,南下,大貨車,44
2024-02-27 13:35,幼獅-楊梅,南下,聯結車,12
2024-02-27 13:35,楊梅端-楊梅,北上,小客車,111
2024-02-27 13:35,楊梅端-楊梅,北上,小貨車,67
2024-02-27 13:35,楊梅端-楊梅,北上,大客車,4
2024-02-27 13:35,楊梅端-楊梅,北上,大貨車,38
2024-02-27 13:35,楊梅端-楊梅,北上,聯結車,15
2024-02-27 13:35,楊梅-楊梅端,南下,小客車,104
2024-02-27 13:35,楊梅-楊梅端,南下,小貨車,38
2024-02-27 13:35,楊梅-楊梅端,南下,大客車,0
2024-02-27 13:35,楊梅-楊梅端,南下,大貨車,28
2024-02-27 13:35,楊梅-楊梅端,南下,聯結車,13
2024-02-27 13:35,湖口-楊梅端,北上,小客車,217
2024-02-27 13:35,湖口-楊梅端,北上,小貨車,104
2024-02-27 13:35,湖口-楊梅端,北上,大客車,3
2024-02-27 13:35,湖口-楊梅端,北上,大貨車,33
2024-02-27 13:35,湖口-楊梅端,北上,聯結車,15
2024-02-27 13:35,楊梅端-湖口,南下,小客車,223
2024-02-27 13:35,楊梅端-湖口,南下,小貨車,77
2024-02-27 13:35,楊梅端-湖口,南下,大客車,4
2024-02-27 13:35,楊梅端-湖口,南下,大貨車,32
2024-02-27 13:35,楊梅端-湖口,南下,聯結車,22
2024-02-27 13:35,竹北-湖口,北上,小客車,241
2024-02-27 13:35,竹北-湖口,北上,小貨車,117
2024-02-27 13:35,竹北-湖口,北上,大客車,6
2024-02-27 13:35,竹北-湖口,北上,大貨車,34
2024-02-27 13:35,竹北-湖口,北上,聯結車,25
2024-02-27 13:35,湖口-竹北,南下,小客車,284
2024-02-27 13:35,湖口-竹北,南下,小貨車,106
2024-02-27 13:35,湖口-竹北,南下,大客車,8
2024-02-27 13:35,湖口-竹北,南下,大貨車,32
2024-02-27 13:35,湖口-竹北,南下,聯結車,22
2024-02-27 13:35,新竹(北)-竹北,北上,小客車,241
2024-02-27 13:35,新竹(北)-竹北,北上,小貨車,132
2024-02-27 13:35,新竹(北)-竹北,北上,大客車,7
2024-02-27 13:35,新竹(北)-竹北,北上,大貨車,27
2024-02-27 13:35,新竹(北)-竹北,北上,聯結車,28
2024-02-27 13:35,竹北-新竹(北),南下,小客車,261
2024-02-27 13:35,竹北-新竹(北),南下,小貨車,95
2024-02-27 13:35,竹北-新竹(北),南下,大客車,10
2024-02-27 13:35,竹北-新竹(北),南下,大貨車,25
2024-02-27 13:35,竹北-新竹(北),南下,聯結車,13
2024-02-27 13:35,新竹(北)-新竹(南),南下,小客車,141
2024-02-27 13:35,新竹(北)-新竹(南),南下,小貨車,53
2024-02-27 13:35,新竹(北)-新竹(南),南下,大客車,4
2024-02-27 13:35,新竹(北)-新竹(南),南下,大貨車,20
2024-02-27 13:35,新竹(北)-新竹(南),南下,聯結車,14
2024-02-27 13:35,新竹(南)-新竹(北),北上,小客車,143
2024-02-27 13:35,新竹(南)-新竹(北),北上,小貨車,61
2024-02-27 13:35,新竹(南)-新竹(北),北上,大客車,2
2024-02-27 13:35,新竹(南)-新竹(北),北上,大貨車,29
2024-02-27 13:35,新竹(南)-新竹(北),北上,聯結車,22
2024-02-27 13:35,新竹系統-新竹(南),北上,小客車,224
2024-02-27 13:35,新竹系統-新竹(南),北上,小貨車,81
2024-02-27 13:35,新竹系統-新竹(南),北上,大客車,5
2024-02-27 13:35,新竹系統-新竹(南),北上,大貨車,31
2024-02-27 13:35,新竹系統-新竹(南),北上,聯結車,19
2024-02-27 13:35,新竹(南)-新竹系統,南下,小客車,224
2024-02-27 13:35,新竹(南)-新竹系統,南下,小貨車,84
2024-02-27 13:35,新竹(南)-新竹系統,南下,大客車,8
2024-02-27 13:35,新竹(南)-新竹系統,南下,大貨車,25
2024-02-27 13:35,新竹(南)-新竹系統,南下,聯結車,19
2024-02-27 13:35,頭份-新竹系統,北上,小客車,184
2024-02-27 13:35,頭份-新竹系統,北上,小貨車,65
2024-02-27 13:35,頭份-新竹系統,北上,大客車,3
2024-02-27 13:35,頭份-新竹系統,北上,大貨車,22
2024-02-27 13:35,頭份-新竹系統,北上,聯結車,16
2024-02-27 13:35,新竹系統-頭份,南下,小客車,178
2024-02-27 13:35,新竹系統-頭份,南下,小貨車,51
2024-02-27 13:35,新竹系統-頭份,南下,大客車,5
2024-02-27 13:35,新竹系統-頭份,南下,大貨車,15
2024-02-27 13:35,新竹系統-頭份,南下,聯結車,14
2024-02-27 13:35,頭屋-頭份,北上,小客車,143
2024-02-27 13:35,頭屋-頭份,北上,小貨車,43
2024-02-27 13:35,頭屋-頭份,北上,大客車,3
2024-02-27 13:35,頭屋-頭份,北上,大貨車,20
2024-02-27 13:35,頭屋-頭份,北上,聯結車,9
2024-02-27 13:35,頭份-頭屋,南下,小客車,152
2024-02-27 13:35,頭份-頭屋,南下,小貨車,38
2024-02-27 13:35,頭份-頭屋,南下,大客車,6
2024-02-27 13:35,頭份-頭屋,南下,大貨車,24
2024-02-27 13:35,頭份-頭屋,南下,聯結車,8
2024-02-27 13:35,苗栗-頭屋,北上,小客車,108
2024-02-27 13:35,苗栗-頭屋,北上,小貨車,39
2024-02-27 13:35,苗栗-頭屋,北上,大客車,6
2024-02-27 13:35,苗栗-頭屋,北上,大貨車,17
2024-02-27 13:35,苗栗-頭屋,北上,聯結車,17
2024-02-27 13:35,頭屋-苗栗,南下,小客車,145
2024-02-27 13:35,頭屋-苗栗,南下,小貨車,54
2024-02-27 13:35,頭屋-苗栗,南下,大客車,5
2024-02-27 13:35,頭屋-苗栗,南下,大貨車,15
2024-02-27 13:35,頭屋-苗栗,南下,聯結車,4
2024-02-27 13:35,銅鑼-苗栗,北上,小客車,144
2024-02-27 13:35,銅鑼-苗栗,北上,小貨車,60
2024-02-27 13:35,銅鑼-苗栗,北上,大客車,2
2024-02-27 13:35,銅鑼-苗栗,北上,大貨車,10
2024-02-27 13:35,銅鑼-苗栗,北上,聯結車,9
2024-02-27 13:35,苗栗-銅鑼,南下,小客車,145
2024-02-27 13:35,苗栗-銅鑼,南下,小貨車,44
2024-02-27 13:35,苗栗-銅鑼,南下,大客車,7
2024-02-27 13:35,苗栗-銅鑼,南下,大貨車,15
2024-02-27 13:35,苗栗-銅鑼,南下,聯結車,11
2024-02-27 13:35,三義-銅鑼,北上,小客車,133
2024-02-27 13:35,三義-銅鑼,北上,小貨車,53
2024-02-27 13:35,三義-銅鑼,北上,大客車,3
2024-02-27 13:35,三義-銅鑼,北上,大貨車,17
2024-02-27 13:35,三義-銅鑼,北上,聯結車,4
2024-02-27 13:35,銅鑼-三義,南下,小客車,153
2024-02-27 13:35,銅鑼-三義,南下,小貨車,58
2024-02-27 13:35,銅鑼-三義,南下,大客車,5
2024-02-27 13:35,銅鑼-三義,南下,大貨車,24
2024-02-27 13:35,銅鑼-三義,南下,聯結車,6
2024-02-27 13:35,后里-三義,北上,小客車,120
2024-02-27 13:35,后里-三義,北上,小貨車,57
2024-02-27 13:35,后里-三義,北上,大客車,5
2024-02-27 13:35,后里-三義,北上,大貨車,26
2024-02-27 13:35,后里-三義,北上,聯結車,14
2024-02-27 13:35,三義-后里,南下,小客車,128
2024-02-27 13:35,三義-后里,南下,小貨車,41
2024-02-27 13:35,三義-后里,南下,大客車,5
2024-02-27 13:35,三義-后里,南下,大貨車,19
2024-02-27 13:35,三義-后里,南下,聯結車,14
2024-02-27 13:35,台中系統-后里,北上,小客車,151
2024-02-27 13:35,台中系統-后里,北上,小貨車,65
2024-02-27 13:35,台中系統-后里,北上,大客車,4
2024-02-27 13:35,台中系統-后里,北上,大貨車,18
2024-02-27 13:35,台中系統-后里,北上,聯結車,13
2024-02-27 13:35,后里-台中系統,南下,小客車,188
2024-02-27 13:35,后里-台中系統,南下,小貨車,73
2024-02-27 13:35,后里-台中系統,南下,大客車,5
2024-02-27 13:35,后里-台中系統,南下,大貨車,23
2024-02-27 13:35,后里-台中系統,南下,聯結車,8
2024-02-27 13:35,豐原-台中系統,北上,小客車,195
2024-02-27 13:35,豐原-台中系統,北上,小貨車,74
2024-02-27 13:35,豐原-台中系統,北上,大客車,5
2024-02-27 13:35,豐原-台中系統,北上,大貨車,22
2024-02-27 13:35,豐原-台中系統,北上,聯結車,19
2024-02-27 13:35,台中系統-豐原,南下,小客車,241
2024-02-27 13:35,台中系統-豐原,南下,小貨車,90
2024-02-27 13:35,台中系統-豐原,南下,大客車,5
2024-02-27 13:35,台中系統-豐原,南下,大貨車,32
2024-02-27 13:35,台中系統-豐原,南下,聯結車,11
2024-02-27 13:35,大雅-豐原,北上,小客車,208
2024-02-27 13:35,大雅-豐原,北上,小貨車,64
2024-02-27 13:35,大雅-豐原,北上,大客車,8
2024-02-27 13:35,大雅-豐原,北上,大貨車,20
2024-02-27 13:35,大雅-豐原,北上,聯結車,21
2024-02-27 13:35,豐原-大雅,南下,小客車,218
2024-02-27 13:35,豐原-大雅,南下,小貨車,93
2024-02-27 13:35,豐原-大雅,南下,大客車,8
2024-02-27 13:35,豐原-大雅,南下,大貨車,31
2024-02-27 13:35,豐原-大雅,南下,聯結車,9
2024-02-27 13:35,台中-大雅,北上,小客車,178
2024-02-27 13:35,台中-大雅,北上,小貨車,66
2024-02-27 13:35,台中-大雅,北上,大客車,3
2024-02-27 13:35,台中-大雅,北上,大貨車,28
2024-02-27 13:35,台中-大雅,北上,聯結車,19
2024-02-27 13:35,大雅-台中,南下,小客車,201
2024-02-27 13:35,大雅-台中,南下,小貨車,83
2024-02-27 13:35,大雅-台中,南下,大客車,6
2024-02-27 13:35,大雅-台中,南下,大貨車,21
2024-02-27 13:35,大雅-台中,南下,聯結車,9
2024-02-27 13:35,南屯-台中,北上,小客車,159
2024-02-27 13:35,南屯-台中,北上,小貨車,73
2024-02-27 13:35,南屯-台中,北上,大客車,5
2024-02-27 13:35,南屯-台中,北上,大貨車,35
2024-02-27 13:35,南屯-台中,北上,聯結車,15
2024-02-27 13:35,台中-南屯,南下,小客車,166
2024-02-27 13:35,台中-南屯,南下,小貨車,86
2024-02-27 13:35,台中-南屯,南下,大客車,7
2024-02-27 13:35,台中-南屯,南下,大貨車,14
2024-02-27 13:35,台中-南屯,南下,聯結車,13
2024-02-27 13:35,王田-南屯,北上,小客車,161
2024-02-27 13:35,王田-南屯,北上,小貨車,72
2024-02-27 13:35,王田-南屯,北上,大客車,3
2024-02-27 13:35,王田-南屯,北上,大貨車,31
2024-02-27 13:35,王田-南屯,北上,聯結車,16
2024-02-27 13:35,南屯-王田,南下,小客車,158
2024-02-27 13:35,南屯-王田,南下,小貨車,75
2024-02-27 13:35,南屯-王田,南下,大客車,4
2024-02-27 13:35,南屯-王田,南下,大貨車,20
2024-02-27 13:35,南屯-王田,南下,聯結車,14
2024-02-27 13:35,彰化系統-王田,北上,小客車,161
2024-02-27 13:35,彰化系統-王田,北上,小貨車,75
2024-02-27 13:35,彰化系統-王田,北上,大客車,5
2024-02-27 13:35,彰化系統-王田,北上,大貨車,31
2024-02-27 13:35,彰化系統-王田,北上,聯結車,18
2024-02-27 13:35,王田-彰化系統,南下,小客車,162
2024-02-27 13:35,王田-彰化系統,南下,小貨車,62
2024-02-27 13:35,王田-彰化系統,南下,大客車,2
2024-02-27 13:35,王田-彰化系統,南下,大貨車,38
2024-02-27 13:35,王田-彰化系統,南下,聯結車,14
2024-02-27 13:35,彰化-彰化系統,北上,小客車,230
2024-02-27 13:35,彰化-彰化系統,北上,小貨車,114
2024-02-27 13:35,彰化-彰化系統,北上,大客車,4
2024-02-27 13:35,彰化-彰化系統,北上,大貨車,48
2024-02-27 13:35,彰化-彰化系統,北上,聯結車,26
2024-02-27 13:35,彰化系統-彰化,南下,小客車,193
2024-02-27 13:35,彰化系統-彰化,南下,小貨車,98
2024-02-27 13:35,彰化系統-彰化,南下,大客車,5
2024-02-27 13:35,彰化系統-彰化,南下,大貨車,48
2024-02-27 13:35,彰化系統-彰化,南下,聯結車,24
2024-02-27 13:35,埔鹽系統-彰化,北上,小客車,191
2024-02-27 13:35,埔鹽系統-彰化,北上,小貨車,88
2024-02-27 13:35,埔鹽系統-彰化,北上,大客車,2
2024-02-27 13:35,埔鹽系統-彰化,北上,大貨車,28
2024-02-27 13:35,埔鹽系統-彰化,北上,聯結車,28
2024-02-27 13:35,彰化-埔鹽系統,南下,小客車,178
2024-02-27 13:35,彰化-埔鹽系統,南下,小貨車,86
2024-02-27 13:35,彰化-埔鹽系統,南下,大客車,5
2024-02-27 13:35,彰化-埔鹽系統,南下,大貨車,34
2024-02-27 13:35,彰化-埔鹽系統,南下,聯結車,22
2024-02-27 13:35,員林-埔鹽系統,北上,小客車,177
2024-02-27 13:35,員林-埔鹽系統,北上,小貨車,77
2024-02-27 13:35,員林-埔鹽系統,北上,大客車,3
2024-02-27 13:35,員林-埔鹽系統,北上,大貨車,32
2024-02-27 13:35,員林-埔鹽系統,北上,聯結車,27
2024-02-27 13:35,埔鹽系統-員林,南下,小客車,174
2024-02-27 13:35,埔鹽系統-員林,南下,小貨車,75
2024-02-27 13:35,埔鹽系統-員林,南下,大客車,5
2024-02-27 13:35,埔鹽系統-員林,南下,大貨車,26
2024-02-27 13:35,埔鹽系統-員林,南下,聯結車,25
2024-02-27 13:35,北斗-員林,北上,小客車,172
2024-02-27 13:35,北斗-員林,北上,小貨車,64
2024-02-27 13:35,北斗-員林,北上,大客車,3
2024-02-27 13:35,北斗-員林,北上,大貨車,34
2024-02-27 13:35,北斗-員林,北上,聯結車,22
2024-02-27 13:35,員林-北斗,南下,小客車,157
2024-02-27 13:35,員林-北斗,南下,小貨車,51
2024-02-27 13:35,員林-北斗,南下,大客車,6
2024-02-27 13:35,員林-北斗,南下,大貨車,30
2024-02-27 13:35,員林-北斗,南下,聯結車,34
2024-02-27 13:35,西螺-北斗,北上,小客車,155
2024-02-27 13:35,西螺-北斗,北上,小貨車,57
2024-02-27 13:35,西螺-北斗,北上,大客車,3
2024-02-27 13:35,西螺-北斗,北上,大貨車,31
2024-02-27 13:35,西螺-北斗,北上,聯結車,22
2024-02-27 13:35,北斗-西螺,南下,小客車,130
2024-02-27 13:35,北斗-西螺,南下,小貨車,61
2024-02-27 13:35,北斗-西螺,南下,大客車,2
2024-02-27 13:35,北斗-西螺,南下,大貨車,28
2024-02-27 13:35,北斗-西螺,南下,聯結車,23
2024-02-27 13:35,虎尾-西螺,北上,小客車,122
2024-02-27 13:35,虎尾-西螺,北上,小貨車,47
2024-02-27 13:35,虎尾-西螺,北上,大客車,8
2024-02-27 13:35,虎尾-西螺,北上,大貨車,33
2024-02-27 13:35,虎尾-西螺,北上,聯結車,25
2024-02-27 13:35,西螺-虎尾,南下,小客車,157
2024-02-27 13:35,西螺-虎尾,南下,小貨車,66
2024-02-27 13:35,西螺-虎尾,南下,大客車,6
2024-02-27 13:35,西螺-虎尾,南下,大貨車,43
2024-02-27 13:35,西螺-虎尾,南下,聯結車,42
2024-02-27 13:35,斗南-虎尾,北上,小客車,132
2024-02-27 13:35,斗南-虎尾,北上,小貨車,57
2024-02-27 13:35,斗南-虎尾,北上,大客車,4
2024-02-27 13:35,斗南-虎尾,北上,大貨車,38
2024-02-27 13:35,斗南-虎尾,北上,聯結車,25
2024-02-27 13:35,虎尾-斗南,南下,小客車,135
2024-02-27 13:35,虎尾-斗南,南下,小貨車,59
2024-02-27 13:35,虎尾-斗南,南下,大客車,1
2024-02-27 13:35,虎尾-斗南,南下,大貨車,38
2024-02-27 13:35,虎尾-斗南,南下,聯結車,25
2024-02-27 13:35,雲林系統-斗南,北上,小客車,135
2024-02-27 13:35,雲林系統-斗南,北上,小貨車,66
2024-02-27 13:35,雲林系統-斗南,北上,大客車,4
2024-02-27 13:35,雲林系統-斗南,北上,大貨車,30
2024-02-27 13:35,雲林系統-斗南,北上,聯結車,16
2024-02-27 13:35,斗南-雲林系統,南下,小客車,137
2024-02-27 13:35,斗南-雲林系統,南下,小貨車,50
2024-02-27 13:35,斗南-雲林系統,南下,大客車,2
2024-02-27 13:35,斗南-雲林系統,南下,大貨車,42
2024-02-27 13:35,斗南-雲林系統,南下,聯結車,31
2024-02-27 13:35,大林-雲林系統,北上,小客車,152
2024-02-27 13:35,大林-雲林系統,北上,小貨車,64
2024-02-27 13:35,大林-雲林系統,北上,大客車,5
2024-02-27 13:35,大林-雲林系統,北上,大貨車,24
2024-02-27 13:35,大林-雲林系統,北上,聯結車,19
2024-02-27 13:35,雲林系統-大林,南下,小客車,115
2024-02-27 13:35,雲林系統-大林,南下,小貨車,45
2024-02-27 13:35,雲林系統-大林,南下,大客車,0
2024-02-27 13:35,雲林系統-大林,南下,大貨車,20
2024-02-27 13:35,雲林系統-大林,南下,聯結車,32
2024-02-27 13:35,民雄-大林,北上,小客車,158
2024-02-27 13:35,民雄-大林,北上,小貨車,57
2024-02-27 13:35,民雄-大林,北上,大客車,4
2024-02-27 13:35,民雄-大林,北上,大貨車,30
2024-02-27 13:35,民雄-大林,北上,聯結車,21
2024-02-27 13:35,大林-民雄,南下,小客車,124
2024-02-27 13:35,大林-民雄,南下,小貨車,50
2024-02-27 13:35,大林-民雄,南下,大客車,2
2024-02-27 13:35,大林-民雄,南下,大貨車,29
2024-02-27 13:35,大林-民雄,南下,聯結車,36
2024-02-27 13:35,嘉義-民雄,北上,小客車,116
2024-02-27 13:35,嘉義-民雄,北上,小貨車,61
2024-02-27 13:35,嘉義-民雄,北上,大客車,3
2024-02-27 13:35,嘉義-民雄,北上,大貨車,26
2024-02-27 13:35,嘉義-民雄,北上,聯結車,18
2024-02-27 13:35,民雄-嘉義,南下,小客車,133
2024-02-27 13:35,民雄-嘉義,南下,小貨車,53
2024-02-27 13:35,民雄-嘉義,南下,大客車,5
2024-02-27 13:35,民雄-嘉義,南下,大貨車,22
2024-02-27 13:35,民雄-嘉義,南下,聯結車,33
2024-02-27 13:35,水上-嘉義,北上,小客車,127
2024-02-27 13:35,水上-嘉義,北上,小貨車,53
2024-02-27 13:35,水上-嘉義,北上,大客車,2
2024-02-27 13:35,水上-嘉義,北上,大貨車,26
2024-02-27 13:35,水上-嘉義,北上,聯結車,23
2024-02-27 13:35,嘉義-水上,南下,小客車,97
2024-02-27 13:35,嘉義-水上,南下,小貨車,55
2024-02-27 13:35,嘉義-水上,南下,大客車,1
2024-02-27 13:35,嘉義-水上,南下,大貨車,24
2024-02-27 13:35,嘉義-水上,南下,聯結車,31
2024-02-27 13:35,嘉義系統-水上,北上,小客車,138
2024-02-27 13:35,嘉義系統-水上,北上,小貨車,41
2024-02-27 13:35,嘉義系統-水上,北上,大客車,2
2024-02-27 13:35,嘉義系統-水上,北上,大貨車,26
2024-02-27 13:35,嘉義系統-水上,北上,聯結車,26
2024-02-27 13:35,水上-嘉義系統,南下,小客車,114
2024-02-27 13:35,水上-嘉義系統,南下,小貨車,52
2024-02-27 13:35,水上-嘉義系統,南下,大客車,1
2024-02-27 13:35,水上-嘉義系統,南下,大貨車,18
2024-02-27 13:35,水上-嘉義系統,南下,聯結車,48
2024-02-27 13:35,新營服務區-嘉義系統,北上,小客車,105
2024-02-27 13:35,新營服務區-嘉義系統,北上,小貨車,55
2024-02-27 13:35,新營服務區-嘉義系統,北上,大客車,1
2024-02-27 13:35,新營服務區-嘉義系統,北上,大貨車,22
2024-02-27 13:35,新營服務區-嘉義系統,北上,聯結車,16
2024-02-27 13:35,嘉義系統-新營服務區,南下,小客車,110
2024-02-27 13:35,嘉義系統-新營服務區,南下,小貨車,38
2024-02-27 13:35,嘉義系統-新營服務區,南下,大客車,2
2024-02-27 13:35,嘉義系統-新營服務區,南下,大貨車,29
2024-02-27 13:35,嘉義系統-新營服務區,南下,聯結車,27
2024-02-27 13:35,新營-新營服務區,北上,小客車,99
2024-02-27 13:35,新營-新營服務區,北上,小貨車,48
2024-02-27 13:35,新營-新營服務區,北上,大客車,1
2024-02-27 13:35,新營-新營服務區,北上,大貨車,21
2024-02-27 13:35,新營-新營服務區,北上,聯結車,21
2024-02-27 13:35,新營服務區-新營,南下,小客車,107
2024-02-27 13:35,新營服務區-新營,南下,小貨車,37
2024-02-27 13:35,新營服務區-新營,南下,大客車,3
2024-02-27 13:35,新營服務區-新營,南下,大貨車,31
2024-02-27 13:35,新營服務區-新營,南下,聯結車,29
2024-02-27 13:35,下營系統-新營,北上,小客車,130
2024-02-27 13:35,下營系統-新營,北上,小貨車,68
2024-02-27 13:35,下營系統-新營,北上,大客車,5
2024-02-27 13:35,下營系統-新營,北上,大貨車,26
2024-02-27 13:35,下營系統-新營,北上,聯結車,14
2024-02-27 13:35,新營-下營系統,南下,小客車,131
2024-02-27 13:35,新營-下營系統,南下,小貨車,60
2024-02-27 13:35,新營-下營系統,南下,大客車,6
2024-02-27 13:35,新營-下營系統,南下,大貨車,17
2024-02-27 13:35,新營-下營系統,南下,聯結車,46
2024-02-27 13:35,麻豆-下營系統,北上,小客車,130
2024-02-27 13:35,麻豆-下營系統,北上,小貨車,67
2024-02-27 13:35,麻豆-下營系統,北上,大客車,3
2024-02-27 13:35,麻豆-下營系統,北上,大貨車,31
2024-02-27 13:35,麻豆-下營系統,北上,聯結車,19
2024-02-27 13:35,下營系統-麻豆,南下,小客車,169
2024-02-27 13:35,下營系統-麻豆,南下,小貨車,60
2024-02-27 13:35,下營系統-麻豆,南下,大客車,3
2024-02-27 13:35,下營系統-麻豆,南下,大貨車,29
2024-02-27 13:35,下營系統-麻豆,南下,聯結車,41
2024-02-27 13:35,安定-麻豆,北上,小客車,169
2024-02-27 13:35,安定-麻豆,北上,小貨車,73
2024-02-27 13:35,安定-麻豆,北上,大客車,5
2024-02-27 13:35,安定-麻豆,北上,大貨車,29
2024-02-27 13:35,安定-麻豆,北上,聯結車,20
2024-02-27 13:35,麻豆-安定,南下,小客車,151
2024-02-27 13:35,麻豆-安定,南下,小貨車,69
2024-02-27 13:35,麻豆-安定,南下,大客車,6
2024-02-27 13:35,麻豆-安定,南下,大貨車,37
2024-02-27 13:35,麻豆-安定,南下,聯結車,52
2024-02-27 13:35,台南系統-安定,北上,小客車,147
2024-02-27 13:35,台南系統-安定,北上,小貨車,62
2024-02-27 13:35,台南系統-安定,北上,大客車,9
2024-02-27 13:35,台南系統-安定,北上,大貨車,25
2024-02-27 13:35,台南系統-安定,北上,聯結車,39
2024-02-27 13:35,安定-台南系統,南下,小客車,145
2024-02-27 13:35,安定-台南系統,南下,小貨車,87
2024-02-27 13:35,安定-台南系統,南下,大客車,3
2024-02-27 13:35,安定-台南系統,南下,大貨車,35
2024-02-27 13:35,安定-台南系統,南下,聯結車,55
2024-02-27 13:35,永康-台南系統,北上,小客車,188
2024-02-27 13:35,永康-台南系統,北上,小貨車,88
2024-02-27 13:35,永康-台南系統,北上,大客車,7
2024-02-27 13:35,永康-台南系統,北上,大貨車,25
2024-02-27 13:35,永康-台南系統,北上,聯結車,26
2024-02-27 13:35,台南系統-永康,南下,小客車,229
2024-02-27 13:35,台南系統-永康,南下,小貨車,108
2024-02-27 13:35,台南系統-永康,南下,大客車,4
2024-02-27 13:35,台南系統-永康,南下,大貨車,32
2024-02-27 13:35,台南系統-永康,南下,聯結車,36
2024-02-27 13:35,大灣-永康,北上,小客車,186
2024-02-27 13:35,大灣-永康,北上,小貨車,109
2024-02-27 13:35,大灣-永康,北上,大客車,2
2024-02-27 13:35,大灣-永康,北上,大貨車,23
2024-02-27 13:35,大灣-永康,北上,聯結車,28
2024-02-27 13:35,永康-大灣,南下,小客車,225
2024-02-27 13:35,永康-大灣,南下,小貨車,122
2024-02-27 13:35,永康-大灣,南下,大客車,1
2024-02-27 13:35,永康-大灣,南下,大貨車,30
2024-02-27 13:35,永康-大灣,南下,聯結車,48
2024-02-27 13:35,仁德-大灣,北上,小客車,149
2024-02-27 13:35,仁德-大灣,北上,小貨車,88
2024-02-27 13:35,仁德-大灣,北上,大客車,2
2024-02-27 13:35,仁德-大灣,北上,大貨車,23
2024-02-27 13:35,仁德-大灣,北上,聯結車,29
2024-02-27 13:35,大灣-仁德,南下,小客車,156
2024-02-27 13:35,大灣-仁德,南下,小貨車,101
2024-02-27 13:35,大灣-仁德,南下,大客車,1
2024-02-27 13:35,大灣-仁德,南下,大貨車,28
2024-02-27 13:35,大灣-仁德,南下,聯結車,50
2024-02-27 13:35,仁德系統-仁德,北上,小客車,172
2024-02-27 13:35,仁德系統-仁德,北上,小貨車,97
2024-02-27 13:35,仁德系統-仁德,北上,大客車,2
2024-02-27 13:35,仁德系統-仁德,北上,大貨車,24
2024-02-27 13:35,仁德系統-仁德,北上,聯結車,22
2024-02-27 13:35,仁德-仁德系統,南下,小客車,163
2024-02-27 13:35,仁德-仁德系統,南下,小貨車,104
2024-02-27 13:35,仁德-仁德系統,南下,大客車,0
2024-02-27 13:35,仁德-仁德系統,南下,大貨車,23
2024-02-27 13:35,仁德-仁德系統,南下,聯結車,48
2024-02-27 13:35,路竹-仁德系統,北上,小客車,168
2024-02-27 13:35,路竹-仁德系統,北上,小貨車,88
2024-02-27 13:35,路竹-仁德系統,北上,大客車,3
2024-02-27 13:35,路竹-仁德系統,北上,大貨車,32
2024-02-27 13:35,路竹-仁德系統,北上,聯結車,21
2024-02-27 13:35,仁德系統-路竹,南下,小客車,187
2024-02-27 13:35,仁德系統-路竹,南下,小貨車,85
2024-02-27 13:35,仁德系統-路竹,南下,大客車,1
2024-02-27 13:35,仁德系統-路竹,南下,大貨車,37
2024-02-27 13:35,仁德系統-路竹,南下,聯結車,43
2024-02-27 13:35,高科-路竹,北上,小客車,163
2024-02-27 13:35,高科-路竹,北上,小貨車,81
2024-02-27 13:35,高科-路竹,北上,大客車,3
2024-02-27 13:35,高科-路竹,北上,大貨車,43
2024-02-27 13:35,高科-路竹,北上,聯結車,36
2024-02-27 13:35,路竹-高科,南下,小客車,180
2024-02-27 13:35,路竹-高科,南下,小貨車,96
2024-02-27 13:35,路竹-高科,南下,大客車,2
2024-02-27 13:35,路竹-高科,南下,大貨車,37
2024-02-27 13:35,路竹-高科,南下,聯結車,53
2024-02-27 13:35,岡山-高科,北上,小客車,194
2024-02-27 13:35,岡山-高科,北上,小貨車,105
2024-02-27 13:35,岡山-高科,北上,大客車,1
2024-02-27 13:35,岡山-高科,北上,大貨車,27
2024-02-27 13:35,岡山-高科,北上,聯結車,36
2024-02-27 13:35,高科-岡山,南下,小客車,163
2024-02-27 13:35,高科-岡山,南下,小貨車,90
2024-02-27 13:35,高科-岡山,南下,大客車,4
2024-02-27 13:35,高科-岡山,南下,大貨車,22
2024-02-27 13:35,高科-岡山,南下,聯結車,57
2024-02-27 13:35,01F3535N,北上,小客車,221
2024-02-27 13:35,01F3535N,北上,小貨車,105
2024-02-27 13:35,01F3535N,北上,大客車,5
2024-02-27 13:35,01F3535N,北上,大貨車,42
2024-02-27 13:35,01F3535N,北上,聯結車,50
2024-02-27 13:35,01F3535S,南下,小客車,220
2024-02-27 13:35,01F3535S,南下,小貨車,91
2024-02-27 13:35,01F3535S,南下,大客車,2
2024-02-27 13:35,01F3535S,南下,大貨車,35
2024-02-27 13:35,01F3535S,南下,聯結車,46
2024-02-27 13:35,楠梓(南)-楠梓(北),北上,小客車,176
2024-02-27 13:35,楠梓(南)-楠梓(北),北上,小貨車,81
2024-02-27 13:35,楠梓(南)-楠梓(北),北上,大客車,5
2024-02-27 13:35,楠梓(南)-楠梓(北),北上,大貨車,21
2024-02-27 13:35,楠梓(南)-楠梓(北),北上,聯結車,39
2024-02-27 13:35,楠梓(北)-楠梓(南),南下,小客車,159
2024-02-27 13:35,楠梓(北)-楠梓(南),南下,小貨車,72
2024-02-27 13:35,楠梓(北)-楠梓(南),南下,大客車,2
2024-02-27 13:35,楠梓(北)-楠梓(南),南下,大貨車,26
2024-02-27 13:35,楠梓(北)-楠梓(南),南下,聯結車,48
2024-02-27 13:35,鼎金系統-楠梓(南),北上,小客車,234
2024-02-27 13:35,鼎金系統-楠梓(南),北上,小貨車,107
2024-02-27 13:35,鼎金系統-楠梓(南),北上,大客車,2
2024-02-27 13:35,鼎金系統-楠梓(南),北上,大貨車,29
2024-02-27 13:35,鼎金系統-楠梓(南),北上,聯結車,50
2024-02-27 13:35,楠梓(南)-鼎金系統,南下,小客車,239
2024-02-27 13:35,楠梓(南)-鼎金系統,南下,小貨車,104
2024-02-27 13:35,楠梓(南)-鼎金系統,南下,大客車,2
2024-02-27 13:35,楠梓(南)-鼎金系統,南下,大貨車,31
2024-02-27 13:35,楠梓(南)-鼎金系統,南下,聯結車,54
2024-02-27 13:35,高雄(北)-鼎金系統,北上,小客車,285
2024-02-27 13:35,高雄(北)-鼎金系統,北上,小貨車,128
2024-02-27 13:35,高雄(北)-鼎金系統,北上,大客車,2
2024-02-27 13:35,高雄(北)-鼎金系統,北上,大貨車,32
2024-02-27 13:35,高雄(北)-鼎金系統,北上,聯結車,63
2024-02-27 13:35,鼎金系統-高雄(北),南下,小客車,336
2024-02-27 13:35,鼎金系統-高雄(北),南下,小貨車,142
2024-02-27 13:35,鼎金系統-高雄(北),南下,大客車,0
2024-02-27 13:35,鼎金系統-高雄(北),南下,大貨車,45
2024-02-27 13:35,鼎金系統-高雄(北),南下,聯結車,64
2024-02-27 13:35,高雄(南)-高雄(北),北上,小客車,130
2024-02-27 13:35,高雄(南)-高雄(北),北上,小貨車,76
2024-02-27 13:35,高雄(南)-高雄(北),北上,大客車,3
2024-02-27 13:35,高雄(南)-高雄(北),北上,大貨車,24
2024-02-27 13:35,高雄(南)-高雄(北),北上,聯結車,63
2024-02-27 13:35,高雄(北)-高雄(南),南下,小客車,147
2024-02-27 13:35,高雄(北)-高雄(南),南下,小貨車,89
2024-02-27 13:35,高雄(北)-高雄(南),南下,大客車,0
2024-02-27 13:35,高雄(北)-高雄(南),南下,大貨車,41
2024-02-27 13:35,高雄(北)-高雄(南),南下,聯結車,61
2024-02-27 13:35,高雄(南)-瑞隆路南下出口匝道,南下,小客車,242
2024-02-27 13:35,高雄(南)-瑞隆路南下出口匝道,南下,小貨車,125
2024-02-27 13:35,高雄(南)-瑞隆路南下出口匝道,南下,大客車,3
2024-02-27 13:35,高雄(南)-瑞隆路南下出口匝道,南下,大貨車,44
2024-02-27 13:35,高雄(南)-瑞隆路南下出口匝道,南下,聯結車,67
2024-02-27 13:35,五甲系統-高雄(南),北上,小客車,211
2024-02-27 13:35,五甲系統-高雄(南),北上,小貨車,104
2024-02-27 13:35,五甲系統-高雄(南),北上,大客車,3
2024-02-27 13:35,五甲系統-高雄(南),北上,大貨車,36
2024-02-27 13:35,五甲系統-高雄(南),北上,聯結車,68
2024-02-27 13:35,高雄端(南)-高雄端(北),北上,小客車,14
2024-02-27 13:35,高雄端(南)-高雄端(北),北上,小貨車,8
2024-02-27 13:35,高雄端(南)-高雄端(北),北上,大客車,1
2024-02-27 13:35,高雄端(南)-高雄端(北),北上,大貨車,4
2024-02-27 13:35,高雄端(南)-高雄端(北),北上,聯結車,38
2024-02-27 13:35,高雄端(北)-高雄端(南),南下,小客車,14
2024-02-27 13:35,高雄端(北)-高雄端(南),南下,小貨車,4
2024-02-27 13:35,高雄端(北)-高雄端(南),南下,大客車,0
2024-02-27 13:35,高雄端(北)-高雄端(南),南下,大貨車,3
2024-02-27 13:35,高雄端(北)-高雄端(南),南下,聯結車,26
2024-02-27 13:35,汐止&汐止系統-堤頂,南下,小客車,88
2024-02-27 13:35,汐止&汐止系統-堤頂,南下,小貨車,44
2024-02-27 13:35,汐止&汐止系統-堤頂,南下,大客車,0
2024-02-27 13:35,汐止&汐止系統-堤頂,南下,大貨車,0
2024-02-27 13:35,汐止&汐止系統-堤頂,南下,聯結車,0
2024-02-27 13:35,堤頂-汐止&汐止系統,北上,小客車,93
2024-02-27 13:35,堤頂-汐止&汐止系統,北上,小貨車,38
2024-02-27 13:35,堤頂-汐止&汐止系統,北上,大客車,1
2024-02-27 13:35,堤頂-汐止&汐止系統,北上,大貨車,1
2024-02-27 13:35,堤頂-汐止&汐止系統,北上,聯結車,0
2024-02-27 13:35,下塔悠北上出口匝道-堤頂,北上,小客車,145
2024-02-27 13:35,下塔悠北上出口匝道-堤頂,北上,小貨車,64
2024-02-27 13:35,下塔悠北上出口匝道-堤頂,北上,大客車,2
2024-02-27 13:35,下塔悠北上出口匝道-堤頂,北上,大貨車,2
2024-02-27 13:35,下塔悠北上出口匝道-堤頂,北上,聯結車,0
2024-02-27 13:35,堤頂-環北,南下,小客車,152
2024-02-27 13:35,堤頂-環北,南下,小貨車,59
2024-02-27 13:35,堤頂-環北,南下,大客車,2
2024-02-27 13:35,堤頂-環北,南下,大貨車,2
2024-02-27 13:35,堤頂-環北,南下,聯結車,1
2024-02-27 13:35,環北-下塔悠北上出口匝道,北上,小客車,183
2024-02-27 13:35,環北-下塔悠北上出口匝道,北上,小貨車,75
2024-02-27 13:35,環北-下塔悠北上出口匝道,北上,大客車,2
2024-02-27 13:35,環北-下塔悠北上出口匝道,北上,大貨車,1
2024-02-27 13:35,環北-下塔悠北上出口匝道,北上,聯結車,0
2024-02-27 13:35,五股轉接道-環北,北上,小客車,261
2024-02-27 13:35,五股轉接道-環北,北上,小貨車,114
2024-02-27 13:35,五股轉接道-環北,北上,大客車,4
2024-02-27 13:35,五股轉接道-環北,北上,大貨車,2
2024-02-27 13:35,五股轉接道-環北,北上,聯結車,0
2024-02-27 13:35,環北-五股轉接道,南下,小客車,242
2024-02-27 13:35,環北-五股轉接道,南下,小貨車,99
2024-02-27 13:35,環北-五股轉接道,南下,大客車,5
2024-02-27 13:35,環北-五股轉接道,南下,大貨車,1
2024-02-27 13:35,環北-五股轉接道,南下,聯結車,1
2024-02-27 13:35,泰山轉接道-五股轉接道,北上,小客車,102
2024-02-27 13:35,泰山轉接道-五股轉接道,北上,小貨車,26
2024-02-27 13:35,泰山轉接道-五股轉接道,北上,大客車,2
2024-02-27 13:35,泰山轉接道-五股轉接道,北上,大貨車,0
2024-02-27 13:35,泰山轉接道-五股轉接道,北上,聯結車,0
2024-02-27 13:35,五股轉接道-泰山轉接道,南下,小客車,76
2024-02-27 13:35,五股轉接道-泰山轉接道,南下,小貨車,28
2024-02-27 13:35,五股轉接道-泰山轉接道,南下,大客車,1
2024-02-27 13:35,五股轉接道-泰山轉接道,南下,大貨車,0
2024-02-27 13:35,五股轉接道-泰山轉接道,南下,聯結車,1
2024-02-27 13:35,機場系統-泰山轉接道,北上,小客車,193
2024-02-27 13:35,機場系統-泰山轉接道,北上,小貨車,66
2024-02-27 13:35,機場系統-泰山轉接道,北上,大客車,2
2024-02-27 13:35,機場系統-泰山轉接道,北上,大貨車,2
2024-02-27 13:35,機場系統-泰山轉接道,北上,聯結車,0
2024-02-27 13:35,泰山轉接道-機場系統,南下,小客車,149
2024-02-27 13:35,泰山轉接道-機場系統,南下,小貨車,65
2024-02-27 13:35,泰山轉接道-機場系統,南下,大客車,5
2024-02-27 13:35,泰山轉接道-機場系統,南下,大貨車,8
2024-02-27 13:35,泰山轉接道-機場系統,南下,聯結車,1
2024-02-27 13:35,中壢轉接道-機場系統,北上,小客車,159
2024-02-27 13:35,中壢轉接道-機場系統,北上,小貨車,65
2024-02-27 13:35,中壢轉接道-機場系統,北上,大客車,1
2024-02-27 13:35,中壢轉接道-機場系統,北上,大貨車,0
2024-02-27 13:35,中壢轉接道-機場系統,北上,聯結車,0
2024-02-27 13:35,機場系統-中壢轉接道,南下,小客車,105
2024-02-27 13:35,機場系統-中壢轉接道,南下,小貨車,51
2024-02-27 13:35,機場系統-中壢轉接道,南下,大客車,6
2024-02-27 13:35,機場系統-中壢轉接道,南下,大貨車,1
2024-02-27 13:35,機場系統-中壢轉接道,南下,聯結車,0
2024-02-27 13:35,楊梅端-中壢轉接道,北上,小客車,117
2024-02-27 13:35,楊梅端-中壢轉接道,北上,小貨車,44
2024-02-27 13:35,楊梅端-中壢轉接道,北上,大客車,0
2024-02-27 13:35,楊梅端-中壢轉接道,北上,大貨車,2
2024-02-27 13:35,楊梅端-中壢轉接道,北上,聯結車,0
2024-02-27 13:35,中壢轉接道-楊梅端,南下,小客車,94
2024-02-27 13:35,中壢轉接道-楊梅端,南下,小貨車,41
2024-02-27 13:35,中壢轉接道-楊梅端,南下,大客車,3
2024-02-27 13:35,中壢轉接道-楊梅端,南下,大貨車,1
2024-02-27 13:35,中壢轉接道-楊梅端,南下,聯結車,0
2024-02-27 13:35,萬芳-台北端,W,小客車,84
2024-02-27 13:35,萬芳-台北端,W,小貨車,27
2024-02-27 13:35,萬芳-台北端,W,大客車,3
2024-02-27 13:35,萬芳-台北端,W,大貨車,1
2024-02-27 13:35,萬芳-台北端,W,聯結車,1
2024-02-27 13:35,台北端-萬芳,E,小客車,70
2024-02-27 13:35,台北端-萬芳,E,小貨車,23
2024-02-27 13:35,台北端-萬芳,E,大客車,2
2024-02-27 13:35,台北端-萬芳,E,大貨車,3
2024-02-27 13:35,台北端-萬芳,E,聯結車,0
2024-02-27 13:35,木柵-萬芳,W,小客車,118
2024-02-27 13:35,木柵-萬芳,W,小貨車,30
2024-02-27 13:35,木柵-萬芳,W,大客車,2
2024-02-27 13:35,木柵-萬芳,W,大貨車,3
2024-02-27 13:35,木柵-萬芳,W,聯結車,2
2024-02-27 13:35,萬芳-木柵,E,小客車,119
2024-02-27 13:35,萬芳-木柵,E,小貨車,32
2024-02-27 13:35,萬芳-木柵,E,大客車,3
2024-02-27 13:35,萬芳-木柵,E,大貨車,8
2024-02-27 13:35,萬芳-木柵,E,聯結車,1
2024-02-27 13:35,基金-瑪東系統,南下,小客車,43
2024-02-27 13:35,基金-瑪東系統,南下,小貨車,20
2024-02-27 13:35,基金-瑪東系統,南下,大客車,1
2024-02-27 13:35,基金-瑪東系統,南下,大貨車,3
2024-02-27 13:35,基金-瑪東系統,南下,聯結車,26
2024-02-27 13:35,瑪東系統-基金,北上,小客車,35
2024-02-27 13:35,瑪東系統-基金,北上,小貨車,16
2024-02-27 13:35,瑪東系統-基金,北上,大客車,0
2024-02-27 13:35,瑪東系統-基金,北上,大貨車,4
2024-02-27 13:35,瑪東系統-基金,北上,聯結車,22
2024-02-27 13:35,汐止系統-瑪東系統,北上,小客車,39
2024-02-27 13:35,汐止系統-瑪東系統,北上,小貨車,23
2024-02-27 13:35,汐止系統-瑪東系統,北上,大客車,1
2024-02-27 13:35,汐止系統-瑪東系統,北上,大貨車,5
2024-02-27 13:35,汐止系統-瑪東系統,北上,聯結車,14
2024-02-27 13:35,瑪東系統-汐止系統,南下,小客車,42
2024-02-27 13:35,瑪東系統-汐止系統,南下,小貨車,19
2024-02-27 13:35,瑪東系統-汐止系統,南下,大客車,0
2024-02-27 13:35,瑪東系統-汐止系統,南下,大貨車,4
2024-02-27 13:35,瑪東系統-汐止系統,南下,聯結車,17
2024-02-27 13:35,新台五路-汐止系統,北上,小客車,110
2024-02-27 13:35,新台五路-汐止系統,北上,小貨車,44
2024-02-27 13:35,新台五路-汐止系統,北上,大客車,3
2024-02-27 13:35,新台五路-汐止系統,北上,大貨車,10
2024-02-27 13:35,新台五路-汐止系統,北上,聯結車,14
2024-02-27 13:35,汐止系統-新台五路,南下,小客車,124
2024-02-27 13:35,汐止系統-新台五路,南下,小貨車,52
2024-02-27 13:35,汐止系統-新台五路,南下,大客車,3
2024-02-27 13:35,汐止系統-新台五路,南下,大貨車,11
2024-02-27 13:35,汐止系統-新台五路,南下,聯結車,19
2024-02-27 13:35,新台五路-南港,南下,小客車,154
2024-02-27 13:35,新台五路-南港,南下,小貨車,68
2024-02-27 13:35,新台五路-南港,南下,大客車,1
2024-02-27 13:35,新台五路-南港,南下,大貨車,13
2024-02-27 13:35,新台五路-南港,南下,聯結車,11
2024-02-27 13:35,南港-新台五路,北上,小客車,145
2024-02-27 13:35,南港-新台五路,北上,小貨車,55
2024-02-27 13:35,南港-新台五路,北上,大客車,3
2024-02-27 13:35,南港-新台五路,北上,大貨車,13
2024-02-27 13:35,南港-新台五路,北上,聯結車,9
2024-02-27 13:35,南港系統&南深路北上出口匝道-南港,北上,小客車,176
2024-02-27 13:35,南港系統&南深路北上出口匝道-南港,北上,小貨車,72
2024-02-27 13:35,南港系統&南深路北上出口匝道-南港,北上,大客車,4
2024-02-27 13:35,南港系統&南深路北上出口匝道-南港,北上,大貨車,15
2024-02-27 13:35,南港系統&南深路北上出口匝道-南港,北上,聯結車,5
2024-02-27 13:35,南港-南港系統,南下,小客車,201
2024-02-27 13:35,南港-南港系統,南下,小貨車,95
2024-02-27 13:35,南港-南港系統,南下,大客車,0
2024-02-27 13:35,南港-南港系統,南下,大貨車,8
2024-02-27 13:35,南港-南港系統,南下,聯結車,8
2024-02-27 13:35,木柵-南港系統&南深路北上出口匝道,北上,小客車,150
2024-02-27 13:35,木柵-南港系統&南深路北上出口匝道,北上,小貨車,72
2024-02-27 13:35,木柵-南港系統&南深路北上出口匝道,北上,大客車,4
2024-02-27 13:35,木柵-南港系統&南深路北上出口匝道,北上,大貨車,17
2024-02-27 13:35,木柵-南港系統&南深路北上出口匝道,北上,聯結車,6
2024-02-27 13:35,南港系統-木柵,南下,小客車,162
2024-02-27 13:35,南港系統-木柵,南下,小貨車,78
2024-02-27 13:35,南港系統-木柵,南下,大客車,7
2024-02-27 13:35,南港系統-木柵,南下,大貨車,9
2024-02-27 13:35,南港系統-木柵,南下,聯結車,10
2024-02-27 13:35,新店-木柵,北上,小客車,147
2024-02-27 13:35,新店-木柵,北上,小貨車,70
2024-02-27 13:35,新店-木柵,北上,大客車,1
2024-02-27 13:35,新店-木柵,北上,大貨車,10
2024-02-27 13:35,新店-木柵,北上,聯結車,10
2024-02-27 13:35,木柵-新店,南下,小客車,178
2024-02-27 13:35,木柵-新店,南下,小貨車,84
2024-02-27 13:35,木柵-新店,南下,大客車,4
2024-02-27 13:35,木柵-新店,南下,大貨車,15
2024-02-27 13:35,木柵-新店,南下,聯結車,7
2024-02-27 13:35,安坑-新店,北上,小客車,138
2024-02-27 13:35,安坑-新店,北上,小貨車,74
2024-02-27 13:35,安坑-新店,北上,大客車,1
2024-02-27 13:35,安坑-新店,北上,大貨車,11
2024-02-27 13:35,安坑-新店,北上,聯結車,10
2024-02-27 13:35,新店-安坑,南下,小客車,175
2024-02-27 13:35,新店-安坑,南下,小貨車,81
2024-02-27 13:35,新店-安坑,南下,大客車,3
2024-02-27 13:35,新店-安坑,南下,大貨車,15
2024-02-27 13:35,新店-安坑,南下,聯結車,7
2024-02-27 13:35,安坑-中和,南下,小客車,251
2024-02-27 13:35,安坑-中和,南下,小貨車,97
2024-02-27 13:35,安坑-中和,南下,大客車,4
2024-02-27 13:35,安坑-中和,南下,大貨車,15
2024-02-27 13:35,安坑-中和,南下,聯結車,6
2024-02-27 13:35,中和-安坑,北上,小客車,200
2024-02-27 13:35,中和-安坑,北上,小貨車,106
2024-02-27 13:35,中和-安坑,北上,大客車,2
2024-02-27 13:35,中和-安坑,北上,大貨車,15
2024-02-27 13:35,中和-安坑,北上,聯結車,16
2024-02-27 13:35,土城-中和,北上,小客車,261
2024-02-27 13:35,土城-中和,北上,小貨車,134
2024-02-27 13:35,土城-中和,北上,大客車,6
2024-02-27 13:35,土城-中和,北上,大貨車,16
2024-02-27 13:35,土城-中和,北上,聯結車,16
2024-02-27 13:35,中和-土城,南下,小客車,244
2024-02-27 13:35,中和-土城,南下,小貨車,136
2024-02-27 13:35,中和-土城,南下,大客車,4
2024-02-27 13:35,中和-土城,南下,大貨車,20
2024-02-27 13:35,中和-土城,南下,聯結車,8
2024-02-27 13:35,樹林-土城,北上,小客車,290
2024-02-27 13:35,樹林-土城,北上,小貨車,138
2024-02-27 13:35,樹林-土城,北上,大客車,5
2024-02-27 13:35,樹林-土城,北上,大貨車,22
2024-02-27 13:35,樹林-土城,北上,聯結車,21
2024-02-27 13:35,土城-樹林,南下,小客車,319
2024-02-27 13:35,土城-樹林,南下,小貨車,136
2024-02-27 13:35,土城-樹林,南下,大客車,8
2024-02-27 13:35,土城-樹林,南下,大貨車,20
2024-02-27 13:35,土城-樹林,南下,聯結車,11
2024-02-27 13:35,三鶯-樹林,北上,小客車,252
2024-02-27 13:35,三鶯-樹林,北上,小貨車,121
2024-02-27 13:35,三鶯-樹林,北上,大客車,4
2024-02-27 13:35,三鶯-樹林,北上,大貨車,25
2024-02-27 13:35,三鶯-樹林,北上,聯結車,21
2024-02-27 13:35,樹林-三鶯,南下,小客車,262
2024-02-27 13:35,樹林-三鶯,南下,小貨車,132
2024-02-27 13:35,樹林-三鶯,南下,大客車,8
2024-02-27 13:35,樹林-三鶯,南下,大貨車,27
2024-02-27 13:35,樹林-三鶯,南下,聯結車,10
2024-02-27 13:35,鶯歌系統-三鶯,北上,小客車,263
2024-02-27 13:35,鶯歌系統-三鶯,北上,小貨車,132
2024-02-27 13:35,鶯歌系統-三鶯,北上,大客車,4
2024-02-27 13:35,鶯歌系統-三鶯,北上,大貨車,30
2024-02-27 13:35,鶯歌系統-三鶯,北上,聯結車,26
2024-02-27 13:35,三鶯-鶯歌系統,南下,小客車,287
2024-02-27 13:35,三鶯-鶯歌系統,南下,小貨車,141
2024-02-27 13:35,三鶯-鶯歌系統,南下,大客車,7
2024-02-27 13:35,三鶯-鶯歌系統,南下,大貨車,22
2024-02-27 13:35,三鶯-鶯歌系統,南下,聯結車,14
2024-02-27 13:35,大溪-鶯歌系統,北上,小客車,222
2024-02-27 13:35,大溪-鶯歌系統,北上,小貨車,105
2024-02-27 13:35,大溪-鶯歌系統,北上,大客車,1
2024-02-27 13:35,大溪-鶯歌系統,北上,大貨車,18
2024-02-27 13:35,大溪-鶯歌系統,北上,聯結車,25
2024-02-27 13:35,鶯歌系統-大溪,南下,小客車,240
2024-02-27 13:35,鶯歌系統-大溪,南下,小貨車,123
2024-02-27 13:35,鶯歌系統-大溪,南下,大客車,1
2024-02-27 13:35,鶯歌系統-大溪,南下,大貨車,19
2024-02-27 13:35,鶯歌系統-大溪,南下,聯結車,23
2024-02-27 13:35,龍潭-大溪,北上,小客車,183
2024-02-27 13:35,龍潭-大溪,北上,小貨車,83
2024-02-27 13:35,龍潭-大溪,北上,大客車,3
2024-02-27 13:35,龍潭-大溪,北上,大貨車,13
2024-02-27 13:35,龍潭-大溪,北上,聯結車,19
2024-02-27 13:35,大溪-龍潭,南下,小客車,146
2024-02-27 13:35,大溪-龍潭,南下,小貨車,76
2024-02-27 13:35,大溪-龍潭,南下,大客車,1
2024-02-27 13:35,大溪-龍潭,南下,大貨車,17
2024-02-27 13:35,大溪-龍潭,南下,聯結車,15
2024-02-27 13:35,高原-龍潭,北上,小客車,169
2024-02-27 13:35,高原-龍潭,北上,小貨車,72
2024-02-27 13:35,高原-龍潭,北上,大客車,2
2024-02-27 13:35,高原-龍潭,北上,大貨車,9
2024-02-27 13:35,高原-龍潭,北上,聯結車,23
2024-02-27 13:35,龍潭-高原,南下,小客車,173
2024-02-27 13:35,龍潭-高原,南下,小貨車,58
2024-02-27 13:35,龍潭-高原,南下,大客車,4
2024-02-27 13:35,龍潭-高原,南下,大貨車,17
2024-02-27 13:35,龍潭-高原,南下,聯結車,12
2024-02-27 13:35,關西服務區-高原,北上,小客車,164
2024-02-27 13:35,關西服務區-高原,北上,小貨車,55
2024-02-27 13:35,關西服務區-高原,北上,大客車,5
2024-02-27 13:35,關西服務區-高原,北上,大貨車,12
2024-02-27 13:35,關西服務區-高原,北上,聯結車,18
2024-02-27 13:35,高原-關西服務區,南下,小客車,147
2024-02-27 13:35,高原-關西服務區,南下,小貨車,58
2024-02-27 13:35,高原-關西服務區,南下,大客車,3
2024-02-27 13:35,高原-關西服務區,南下,大貨車,13
2024-02-27 13:35,高原-關西服務區,南下,聯結車,13
2024-02-27 13:35,關西-關西服務區,北上,小客車,149
2024-02-27 13:35,關西-關西服務區,北上,小貨車,59
2024-02-27 13:35,關西-關西服務區,北上,大客車,1
2024-02-27 13:35,關西-關西服務區,北上,大貨車,15
2024-02-27 13:35,關西-關西服務區,北上,聯結車,7
2024-02-27 13:35,關西服務區-關西,南下,小客車,138
2024-02-27 13:35,關西服務區-關西,南下,小貨車,56
2024-02-27 13:35,關西服務區-關西,南下,大客車,3
2024-02-27 13:35,關西服務區-關西,南下,大貨車,10
2024-02-27 13:35,關西服務區-關西,南下,聯結車,8
2024-02-27 13:35,竹林-關西,北上,小客車,109
2024-02-27 13:35,竹林-關西,北上,小貨車,53
2024-02-27 13:35,竹林-關西,北上,大客車,4
2024-02-27 13:35,竹林-關西,北上,大貨車,13
2024-02-27 13:35,竹林-關西,北上,聯結車,16
2024-02-27 13:35,關西-竹林,南下,小客車,134
2024-02-27 13:35,關西-竹林,南下,小貨車,52
2024-02-27 13:35,關西-竹林,南下,大客車,4
2024-02-27 13:35,關西-竹林,南下,大貨車,20
2024-02-27 13:35,關西-竹林,南下,聯結車,6
2024-02-27 13:35,寶山-竹林,北上,小客車,107
2024-02-27 13:35,寶山-竹林,北上,小貨車,41
2024-02-27 13:35,寶山-竹林,北上,大客車,0
2024-02-27 13:35,寶山-竹林,北上,大貨車,19
2024-02-27 13:35,寶山-竹林,北上,聯結車,18
2024-02-27 13:35,竹林-寶山,南下,小客車,138
2024-02-27 13:35,竹林-寶山,南下,小貨車,46
2024-02-27 13:35,竹林-寶山,南下,大客車,2
2024-02-27 13:35,竹林-寶山,南下,大貨車,15
2024-02-27 13:35,竹林-寶山,南下,聯結車,10
2024-02-27 13:35,新竹系統-寶山,北上,小客車,103
2024-02-27 13:35,新竹系統-寶山,北上,小貨車,53
2024-02-27 13:35,新竹系統-寶山,北上,大客車,0
2024-02-27 13:35,新竹系統-寶山,北上,大貨車,20
2024-02-27 13:35,新竹系統-寶山,北上,聯結車,15
2024-02-27 13:35,寶山-新竹系統,南下,小客車,149
2024-02-27 13:35,寶山-新竹系統,南下,小貨車,53
2024-02-27 13:35,寶山-新竹系統,南下,大客車,2
2024-02-27 13:35,寶山-新竹系統,南下,大貨車,21
2024-02-27 13:35,寶山-新竹系統,南下,聯結車,18
2024-02-27 13:35,茄苳-新竹系統,北上,小客車,148
2024-02-27 13:35,茄苳-新竹系統,北上,小貨車,60
2024-02-27 13:35,茄苳-新竹系統,北上,大客車,4
2024-02-27 13:35,茄苳-新竹系統,北上,大貨車,24
2024-02-27 13:35,茄苳-新竹系統,北上,聯結車,18
2024-02-27 13:35,新竹系統-茄苳,南下,小客車,174
2024-02-27 13:35,新竹系統-茄苳,南下,小貨車,71
2024-02-27 13:35,新竹系統-茄苳,南下,大客車,4
2024-02-27 13:35,新竹系統-茄苳,南下,大貨車,26
2024-02-27 13:35,新竹系統-茄苳,南下,聯結車,24
2024-02-27 13:35,香山-茄苳,北上,小客車,137
2024-02-27 13:35,香山-茄苳,北上,小貨車,48
2024-02-27 13:35,香山-茄苳,北上,大客車,2
2024-02-27 13:35,香山-茄苳,北上,大貨車,19
2024-02-27 13:35,香山-茄苳,北上,聯結車,17
2024-02-27 13:35,茄苳-香山,南下,小客車,142
2024-02-27 13:35,茄苳-香山,南下,小貨車,69
2024-02-27 13:35,茄苳-香山,南下,大客車,1
2024-02-27 13:35,茄苳-香山,南下,大貨車,31
2024-02-27 13:35,茄苳-香山,南下,聯結車,15
2024-02-27 13:35,西濱-香山,北上,小客車,102
2024-02-27 13:35,西濱-香山,北上,小貨車,38
2024-02-27 13:35,西濱-香山,北上,大客車,2
2024-02-27 13:35,西濱-香山,北上,大貨車,19
2024-02-27 13:35,西濱-香山,北上,聯結車,17
2024-02-27 13:35,香山-西濱,南下,小客車,118
2024-02-27 13:35,香山-西濱,南下,小貨車,46
2024-02-27 13:35,香山-西濱,南下,大客車,2
2024-02-27 13:35,香山-西濱,南下,大貨車,26
2024-02-27 13:35,香山-西濱,南下,聯結車,25
2024-02-27 13:35,竹南-西濱,北上,小客車,92
2024-02-27 13:35,竹南-西濱,北上,小貨車,28
2024-02-27 13:35,竹南-西濱,北上,大客車,3
2024-02-27 13:35,竹南-西濱,北上,大貨車,18
2024-02-27 13:35,竹南-西濱,北上,聯結車,19
2024-02-27 13:35,西濱-竹南,南下,小客車,96
2024-02-27 13:35,西濱-竹南,南下,小貨車,50
2024-02-27 13:35,西濱-竹南,南下,大客車,4
2024-02-27 13:35,西濱-竹南,南下,大貨車,23
2024-02-27 13:35,西濱-竹南,南下,聯結車,28
2024-02-27 13:35,大山-竹南,北上,小客車,109
2024-02-27 13:35,大山-竹南,北上,小貨車,31
2024-02-27 13:35,大山-竹南,北上,大客車,2
2024-02-27 13:35,大山-竹南,北上,大貨車,14
2024-02-27 13:35,大山-竹南,北上,聯結車,15
2024-02-27 13:35,竹南-大山,南下,小客車,109
2024-02-27 13:35,竹南-大山,南下,小貨車,49
2024-02-27 13:35,竹南-大山,南下,大客車,2
2024-02-27 13:35,竹南-大山,南下,大貨車,22
2024-02-27 13:35,竹南-大山,南下,聯結車,21
2024-02-27 13:35,後龍-大山,北上,小客車,99
2024-02-27 13:35,後龍-大山,北上,小貨車,28
2024-02-27 13:35,後龍-大山,北上,大客車,0
2024-02-27 13:35,後龍-大山,北上,大貨車,15
2024-02-27 13:35,後龍-大山,北上,聯結車,19
2024-02-27 13:35,大山-後龍,南下,小客車,95
2024-02-27 13:35,大山-後龍,南下,小貨車,52
2024-02-27 13:35,大山-後龍,南下,大客車,2
2024-02-27 13:35,大山-後龍,南下,大貨車,25
2024-02-27 13:35,大山-後龍,南下,聯結車,28
2024-02-27 13:35,西湖服務區-後龍,北上,小客車,77
2024-02-27 13:35,西湖服務區-後龍,北上,小貨車,34
2024-02-27 13:35,西湖服務區-後龍,北上,大客車,3
2024-02-27 13:35,西湖服務區-後龍,北上,大貨車,15
2024-02-27 13:35,西湖服務區-後龍,北上,聯結車,12
2024-02-27 13:35,後龍-西湖服務區,南下,小客車,99
2024-02-27 13:35,後龍-西湖服務區,南下,小貨車,40
2024-02-27 13:35,後龍-西湖服務區,南下,大客車,2
2024-02-27 13:35,後龍-西湖服務區,南下,大貨車,23
2024-02-27 13:35,後龍-西湖服務區,南下,聯結車,27
2024-02-27 13:35,通霄-西湖服務區,北上,小客車,86
2024-02-27 13:35,通霄-西湖服務區,北上,小貨車,38
2024-02-27 13:35,通霄-西湖服務區,北上,大客車,2
2024-02-27 13:35,通霄-西湖服務區,北上,大貨車,15
2024-02-27 13:35,通霄-西湖服務區,北上,聯結車,14
2024-02-27 13:35,西湖服務區-通霄,南下,小客車,90
2024-02-27 13:35,西湖服務區-通霄,南下,小貨車,40
2024-02-27 13:35,西湖服務區-通霄,南下,大客車,0
2024-02-27 13:35,西湖服務區-通霄,南下,大貨車,22
2024-02-27 13:35,西湖服務區-通霄,南下,聯結車,25
2024-02-27 13:35,苑裡-通霄,北上,小客車,81
2024-02-27 13:35,苑裡-通霄,北上,小貨車,29
2024-02-27 13:35,苑裡-通霄,北上,大客車,2
2024-02-27 13:35,苑裡-通霄,北上,大貨車,12
2024-02-27 13:35,苑裡-通霄,北上,聯結車,23
2024-02-27 13:35,通霄-苑裡,南下,小客車,106
2024-02-27 13:35,通霄-苑裡,南下,小貨車,37
2024-02-27 13:35,通霄-苑裡,南下,大客車,2
2024-02-27 13:35,通霄-苑裡,南下,大貨車,28
2024-02-27 13:35,通霄-苑裡,南下,聯結車,21
2024-02-27 13:35,大甲-苑裡,北上,小客車,109
2024-02-27 13:35,大甲-苑裡,北上,小貨車,46
2024-02-27 13:35,大甲-苑裡,北上,大客車,0
2024-02-27 13:35,大甲-苑裡,北上,大貨車,23
2024-02-27 13:35,大甲-苑裡,北上,聯結車,16
2024-02-27 13:35,苑裡-大甲,南下,小客車,129
2024-02-27 13:35,苑裡-大甲,南下,小貨車,41
2024-02-27 13:35,苑裡-大甲,南下,大客車,2
2024-02-27 13:35,苑裡-大甲,南下,大貨車,43
2024-02-27 13:35,苑裡-大甲,南下,聯結車,20
2024-02-27 13:35,中港系統-大甲,北上,小客車,134
2024-02-27 13:35,中港系統-大甲,北上,小貨車,55
2024-02-27 13:35,中港系統-大甲,北上,大客車,0
2024-02-27 13:35,中港系統-大甲,北上,大貨車,25
2024-02-27 13:35,中港系統-大甲,北上,聯結車,20
2024-02-27 13:35,大甲-中港系統,南下,小客車,145
2024-02-27 13:35,大甲-中港系統,南下,小貨車,72
2024-02-27 13:35,大甲-中港系統,南下,大客車,4
2024-02-27 13:35,大甲-中港系統,南下,大貨車,33
2024-02-27 13:35,大甲-中港系統,南下,聯結車,23
2024-02-27 13:35,清水服務區-中港系統,北上,小客車,97
2024-02-27 13:35,清水服務區-中港系統,北上,小貨車,32
2024-02-27 13:35,清水服務區-中港系統,北上,大客車,3
2024-02-27 13:35,清水服務區-中港系統,北上,大貨車,15
2024-02-27 13:35,清水服務區-中港系統,北上,聯結車,17
2024-02-27 13:35,中港系統-清水服務區,南下,小客車,122
2024-02-27 13:35,中港系統-清水服務區,南下,小貨車,42
2024-02-27 13:35,中港系統-清水服務區,南下,大客車,2
2024-02-27 13:35,中港系統-清水服務區,南下,大貨車,14
2024-02-27 13:35,中港系統-清水服務區,南下,聯結車,18
2024-02-27 13:35,沙鹿-清水服務區,北上,小客車,88
2024-02-27 13:35,沙鹿-清水服務區,北上,小貨車,41
2024-02-27 13:35,沙鹿-清水服務區,北上,大客車,2
2024-02-27 13:35,沙鹿-清水服務區,北上,大貨車,17
2024-02-27 13:35,沙鹿-清水服務區,北上,聯結車,16
2024-02-27 13:35,清水服務區-沙鹿,南下,小客車,126
2024-02-27 13:35,清水服務區-沙鹿,南下,小貨車,38
2024-02-27 13:35,清水服務區-沙鹿,南下,大客車,2
2024-02-27 13:35,清水服務區-沙鹿,南下,大貨車,20
2024-02-27 13:35,清水服務區-沙鹿,南下,聯結車,20
2024-02-27 13:35,龍井-沙鹿,北上,小客車,104
2024-02-27 13:35,龍井-沙鹿,北上,小貨車,48
2024-02-27 13:35,龍井-沙鹿,北上,大客車,0
2024-02-27 13:35,龍井-沙鹿,北上,大貨車,19
2024-02-27 13:35,龍井-沙鹿,北上,聯結車,15
2024-02-27 13:35,沙鹿-龍井,南下,小客車,99
2024-02-27 13:35,沙鹿-龍井,南下,小貨車,56
2024-02-27 13:35,沙鹿-龍井,南下,大客車,3
2024-02-27 13:35,沙鹿-龍井,南下,大貨車,25
2024-02-27 13:35,沙鹿-龍井,南下,聯結車,33
2024-02-27 13:35,和美-龍井,北上,小客車,124
2024-02-27 13:35,和美-龍井,北上,小貨車,44
2024-02-27 13:35,和美-龍井,北上,大客車,2
2024-02-27 13:35,和美-龍井,北上,大貨車,22
2024-02-27 13:35,和美-龍井,北上,聯結車,20
2024-02-27 13:35,龍井-和美,南下,小客車,103
2024-02-27 13:35,龍井-和美,南下,小貨車,38
2024-02-27 13:35,龍井-和美,南下,大客車,1
2024-02-27 13:35,龍井-和美,南下,大貨車,20
2024-02-27 13:35,龍井-和美,南下,聯結車,26
2024-02-27 13:35,彰化系統-和美,北上,小客車,128
2024-02-27 13:35,彰化系統-和美,北上,小貨車,74
2024-02-27 13:35,彰化系統-和美,北上,大客車,1
2024-02-27 13:35,彰化系統-和美,北上,大貨車,26
2024-02-27 13:35,彰化系統-和美,北上,聯結車,29
2024-02-27 13:35,和美-彰化系統,南下,小客車,140
2024-02-27 13:35,和美-彰化系統,南下,小貨車,61
2024-02-27 13:35,和美-彰化系統,南下,大客車,2
2024-02-27 13:35,和美-彰化系統,南下,大貨車,29
2024-02-27 13:35,和美-彰化系統,南下,聯結車,36
2024-02-27 13:35,彰化系統-快官,南下,小客車,135
2024-02-27 13:35,彰化系統-快官,南下,小貨車,64
2024-02-27 13:35,彰化系統-快官,南下,大客車,1
2024-02-27 13:35,彰化系統-快官,南下,大貨車,26
2024-02-27 13:35,彰化系統-快官,南下,聯結車,13
2024-02-27 13:35,快官-彰化系統,北上,小客車,137
2024-02-27 13:35,快官-彰化系統,北上,小貨車,58
2024-02-27 13:35,快官-彰化系統,北上,大客車,4
2024-02-27 13:35,快官-彰化系統,北上,大貨車,25
2024-02-27 13:35,快官-彰化系統,北上,聯結車,18
2024-02-27 13:35,烏日-快官,北上,小客車,164
2024-02-27 13:35,烏日-快官,北上,小貨車,86
2024-02-27 13:35,烏日-快官,北上,大客車,4
2024-02-27 13:35,烏日-快官,北上,大貨車,16
2024-02-27 13:35,烏日-快官,北上,聯結車,10
2024-02-27 13:35,快官-烏日,南下,小客車,179
2024-02-27 13:35,快官-烏日,南下,小貨車,69
2024-02-27 13:35,快官-烏日,南下,大客車,2
2024-02-27 13:35,快官-烏日,南下,大貨車,27
2024-02-27 13:35,快官-烏日,南下,聯結車,11
2024-02-27 13:35,中投-烏日,北上,小客車,159
2024-02-27 13:35,中投-烏日,北上,小貨車,83
2024-02-27 13:35,中投-烏日,北上,大客車,1
2024-02-27 13:35,中投-烏日,北上,大貨車,22
2024-02-27 13:35,中投-烏日,北上,聯結車,5
2024-02-27 13:35,烏日-中投,南下,小客車,178
2024-02-27 13:35,烏日-中投,南下,小貨車,69
2024-02-27 13:35,烏日-中投,南下,大客車,2
2024-02-27 13:35,烏日-中投,南下,大貨車,27
2024-02-27 13:35,烏日-中投,南下,聯結車,10
2024-02-27 13:35,霧峰-中投,北上,小客車,195
2024-02-27 13:35,霧峰-中投,北上,小貨車,98
2024-02-27 13:35,霧峰-中投,北上,大客車,3
2024-02-27 13:35,霧峰-中投,北上,大貨車,13
2024-02-27 13:35,霧峰-中投,北上,聯結車,9
2024-02-27 13:35,中投-霧峰,南下,小客車,178
2024-02-27 13:35,中投-霧峰,南下,小貨車,72
2024-02-27 13:35,中投-霧峰,南下,大客車,2
2024-02-27 13:35,中投-霧峰,南下,大貨車,25
2024-02-27 13:35,中投-霧峰,南下,聯結車,12
2024-02-27 13:35,霧峰系統-霧峰,北上,小客車,241
2024-02-27 13:35,霧峰系統-霧峰,北上,小貨車,117
2024-02-27 13:35,霧峰系統-霧峰,北上,大客車,5
2024-02-27 13:35,霧峰系統-霧峰,北上,大貨車,19
2024-02-27 13:35,霧峰系統-霧峰,北上,聯結車,13
2024-02-27 13:35,霧峰-霧峰系統,南下,小客車,210
2024-02-27 13:35,霧峰-霧峰系統,南下,小貨車,98
2024-02-27 13:35,霧峰-霧峰系統,南下,大客車,1
2024-02-27 13:35,霧峰-霧峰系統,南下,大貨車,20
2024-02-27 13:35,霧峰-霧峰系統,南下,聯結車,15
2024-02-27 13:35,霧峰系統-草屯,南下,小客車,190
2024-02-27 13:35,霧峰系統-草屯,南下,小貨車,86
2024-02-27 13:35,霧峰系統-草屯,南下,大客車,1
2024-02-27 13:35,霧峰系統-草屯,南下,大貨車,20
2024-02-27 13:35,霧峰系統-草屯,南下,聯結車,12
2024-02-27 13:35,草屯-霧峰系統,北上,小客車,193
2024-02-27 13:35,草屯-霧峰系統,北上,小貨車,114
2024-02-27 13:35,草屯-霧峰系統,北上,大客車,1
2024-02-27 13:35,草屯-霧峰系統,北上,大貨車,24
2024-02-27 13:35,草屯-霧峰系統,北上,聯結車,8
2024-02-27 13:35,中興系統-草屯,北上,小客車,196
2024-02-27 13:35,中興系統-草屯,北上,小貨車,100
2024-02-27 13:35,中興系統-草屯,北上,大客車,3
2024-02-27 13:35,中興系統-草屯,北上,大貨車,16
2024-02-27 13:35,中興系統-草屯,北上,聯結車,6
2024-02-27 13:35,草屯-中興系統,南下,小客車,170
2024-02-27 13:35,草屯-中興系統,南下,小貨車,86
2024-02-27 13:35,草屯-中興系統,南下,大客車,1
2024-02-27 13:35,草屯-中興系統,南下,大貨車,14
2024-02-27 13:35,草屯-中興系統,南下,聯結車,8
2024-02-27 13:35,中興-中興系統,北上,小客車,171
2024-02-27 13:35,中興-中興系統,北上,小貨車,68
2024-02-27 13:35,中興-中興系統,北上,大客車,1
2024-02-27 13:35,中興-中興系統,北上,大貨車,11
2024-02-27 13:35,中興-中興系統,北上,聯結車,12
2024-02-27 13:35,中興系統-中興,南下,小客車,178
2024-02-27 13:35,中興系統-中興,南下,小貨車,83
2024-02-27 13:35,中興系統-中興,南下,大客車,4
2024-02-27 13:35,中興系統-中興,南下,大貨車,10
2024-02-27 13:35,中興系統-中興,南下,聯結車,9
2024-02-27 13:35,南投-中興,北上,小客車,154
2024-02-27 13:35,南投-中興,北上,小貨車,53
2024-02-27 13:35,南投-中興,北上,大客車,0
2024-02-27 13:35,南投-中興,北上,大貨車,8
2024-02-27 13:35,南投-中興,北上,聯結車,12
2024-02-27 13:35,中興-南投,南下,小客車,179
2024-02-27 13:35,中興-南投,南下,小貨車,63
2024-02-27 13:35,中興-南投,南下,大客車,6
2024-02-27 13:35,中興-南投,南下,大貨車,10
2024-02-27 13:35,中興-南投,南下,聯結車,6
2024-02-27 13:35,南投服務區-南投,北上,小客車,130
2024-02-27 13:35,南投服務區-南投,北上,小貨車,44
2024-02-27 13:35,南投服務區-南投,北上,大客車,2
2024-02-27 13:35,南投服務區-南投,北上,大貨車,7
2024-02-27 13:35,南投服務區-南投,北上,聯結車,7
2024-02-27 13:35,南投-南投服務區,南下,小客車,127
2024-02-27 13:35,南投-南投服務區,南下,小貨車,43
2024-02-27 13:35,南投-南投服務區,南下,大客車,0
2024-02-27 13:35,南投-南投服務區,南下,大貨車,8
2024-02-27 13:35,南投-南投服務區,南下,聯結車,5
2024-02-27 13:35,名間-南投服務區,北上,小客車,129
2024-02-27 13:35,名間-南投服務區,北上,小貨車,47
2024-02-27 13:35,名間-南投服務區,北上,大客車,2
2024-02-27 13:35,名間-南投服務區,北上,大貨車,5
2024-02-27 13:35,名間-南投服務區,北上,聯結車,7
2024-02-27 13:35,南投服務區-名間,南下,小客車,123
2024-02-27 13:35,南投服務區-名間,南下,小貨車,45
2024-02-27 13:35,南投服務區-名間,南下,大客車,2
2024-02-27 13:35,南投服務區-名間,南下,大貨車,12
2024-02-27 13:35,南投服務區-名間,南下,聯結車,7
2024-02-27 13:35,竹山-名間,北上,小客車,85
2024-02-27 13:35,竹山-名間,北上,小貨車,46
2024-02-27 13:35,竹山-名間,北上,大客車,0
2024-02-27 13:35,竹山-名間,北上,大貨車,7
2024-02-27 13:35,竹山-名間,北上,聯結車,6
2024-02-27 13:35,名間-竹山,南下,小客車,117
2024-02-27 13:35,名間-竹山,南下,小貨車,38
2024-02-27 13:35,名間-竹山,南下,大客車,1
2024-02-27 13:35,名間-竹山,南下,大貨車,15
2024-02-27 13:35,名間-竹山,南下,聯結車,3
2024-02-27 13:35,南雲-竹山,北上,小客車,79
2024-02-27 13:35,南雲-竹山,北上,小貨車,35
2024-02-27 13:35,南雲-竹山,北上,大客車,1
2024-02-27 13:35,南雲-竹山,北上,大貨車,5
2024-02-27 13:35,南雲-竹山,北上,聯結車,7
2024-02-27 13:35,竹山-南雲,南下,小客車,81
2024-02-27 13:35,竹山-南雲,南下,小貨車,35
2024-02-27 13:35,竹山-南雲,南下,大客車,0
2024-02-27 13:35,竹山-南雲,南下,大貨車,11
2024-02-27 13:35,竹山-南雲,南下,聯結車,4
2024-02-27 13:35,斗六-南雲,北上,小客車,78
2024-02-27 13:35,斗六-南雲,北上,小貨車,28
2024-02-27 13:35,斗六-南雲,北上,大客車,2
2024-02-27 13:35,斗六-南雲,北上,大貨車,3
2024-02-27 13:35,斗六-南雲,北上,聯結車,7
2024-02-27 13:35,南雲-斗六,南下,小客車,70
2024-02-27 13:35,南雲-斗六,南下,小貨車,28
2024-02-27 13:35,南雲-斗六,南下,大客車,1
2024-02-27 13:35,南雲-斗六,南下,大貨車,5
2024-02-27 13:35,南雲-斗六,南下,聯結車,5
2024-02-27 13:35,古坑(北)&古坑系統-斗六,北上,小客車,69
2024-02-27 13:35,古坑(北)&古坑系統-斗六,北上,小貨車,30
2024-02-27 13:35,古坑(北)&古坑系統-斗六,北上,大客車,0
2024-02-27 13:35,古坑(北)&古坑系統-斗六,北上,大貨車,10
2024-02-27 13:35,古坑(北)&古坑系統-斗六,北上,聯結車,7
2024-02-27 13:35,斗六-古坑(北)&古坑系統,南下,小客車,87
2024-02-27 13:35,斗六-古坑(北)&古坑系統,南下,小貨車,30
2024-02-27 13:35,斗六-古坑(北)&古坑系統,南下,大客車,0
2024-02-27 13:35,斗六-古坑(北)&古坑系統,南下,大貨車,12
2024-02-27 13:35,斗六-古坑(北)&古坑系統,南下,聯結車,6
2024-02-27 13:35,古坑(南)-古坑(北)&古坑系統,北上,小客車,68
2024-02-27 13:35,古坑(南)-古坑(北)&古坑系統,北上,小貨車,28
2024-02-27 13:35,古坑(南)-古坑(北)&古坑系統,北上,大客車,2
2024-02-27 13:35,古坑(南)-古坑(北)&古坑系統,北上,大貨車,10
2024-02-27 13:35,古坑(南)-古坑(北)&古坑系統,北上,聯結車,5
2024-02-27 13:35,古坑(北)&古坑系統-古坑(南),南下,小客車,62
2024-02-27 13:35,古坑(北)&古坑系統-古坑(南),南下,小貨車,34
2024-02-27 13:35,古坑(北)&古坑系統-古坑(南),南下,大客車,3
2024-02-27 13:35,古坑(北)&古坑系統-古坑(南),南下,大貨車,2
2024-02-27 13:35,古坑(北)&古坑系統-古坑(南),南下,聯結車,4
2024-02-27 13:35,古坑服務區-古坑(南),北上,小客車,86
2024-02-27 13:35,古坑服務區-古坑(南),北上,小貨車,23
2024-02-27 13:35,古坑服務區-古坑(南),北上,大客車,4
2024-02-27 13:35,古坑服務區-古坑(南),北上,大貨車,11
2024-02-27 13:35,古坑服務區-古坑(南),北上,聯結車,6
2024-02-27 13:35,古坑(南)-古坑服務區,南下,小客車,70
2024-02-27 13:35,古坑(南)-古坑服務區,南下,小貨車,32
2024-02-27 13:35,古坑(南)-古坑服務區,南下,大客車,0
2024-02-27 13:35,古坑(南)-古坑服務區,南下,大貨車,5
2024-02-27 13:35,古坑(南)-古坑服務區,南下,聯結車,9
2024-02-27 13:35,梅山-古坑服務區,北上,小客車,75
2024-02-27 13:35,梅山-古坑服務區,北上,小貨車,29
2024-02-27 13:35,梅山-古坑服務區,北上,大客車,4
2024-02-27 13:35,梅山-古坑服務區,北上,大貨車,7
2024-02-27 13:35,梅山-古坑服務區,北上,聯結車,5
2024-02-27 13:35,古坑服務區-梅山,南下,小客車,79
2024-02-27 13:35,古坑服務區-梅山,南下,小貨車,27
2024-02-27 13:35,古坑服務區-梅山,南下,大客車,3
2024-02-27 13:35,古坑服務區-梅山,南下,大貨車,6
2024-02-27 13:35,古坑服務區-梅山,南下,聯結車,7
2024-02-27 13:35,竹崎(北)-梅山,北上,小客車,69
2024-02-27 13:35,竹崎(北)-梅山,北上,小貨車,25
2024-02-27 13:35,竹崎(北)-梅山,北上,大客車,3
2024-02-27 13:35,竹崎(北)-梅山,北上,大貨車,10
2024-02-27 13:35,竹崎(北)-梅山,北上,聯結車,3
2024-02-27 13:35,梅山-竹崎(北),南下,小客車,96
2024-02-27 13:35,梅山-竹崎(北),南下,小貨車,28
2024-02-27 13:35,梅山-竹崎(北),南下,大客車,2
2024-02-27 13:35,梅山-竹崎(北),南下,大貨車,7
2024-02-27 13:35,梅山-竹崎(北),南下,聯結車,7
2024-02-27 13:35,竹崎(南)-竹崎(北),北上,小客車,52
2024-02-27 13:35,竹崎(南)-竹崎(北),北上,小貨車,22
2024-02-27 13:35,竹崎(南)-竹崎(北),北上,大客車,0
2024-02-27 13:35,竹崎(南)-竹崎(北),北上,大貨車,11
2024-02-27 13:35,竹崎(南)-竹崎(北),北上,聯結車,3
2024-02-27 13:35,竹崎(北)-竹崎(南),南下,小客車,47
2024-02-27 13:35,竹崎(北)-竹崎(南),南下,小貨車,14
2024-02-27 13:35,竹崎(北)-竹崎(南),南下,大客車,1
2024-02-27 13:35,竹崎(北)-竹崎(南),南下,大貨車,4
2024-02-27 13:35,竹崎(北)-竹崎(南),南下,聯結車,9
2024-02-27 13:35,中埔-竹崎(南),北上,小客車,78
2024-02-27 13:35,中埔-竹崎(南),北上,小貨車,26
2024-02-27 13:35,中埔-竹崎(南),北上,大客車,1
2024-02-27 13:35,中埔-竹崎(南),北上,大貨車,13
2024-02-27 13:35,中埔-竹崎(南),北上,聯結車,8
2024-02-27 13:35,竹崎(南)-中埔,南下,小客車,72
2024-02-27 13:35,竹崎(南)-中埔,南下,小貨車,28
2024-02-27 13:35,竹崎(南)-中埔,南下,大客車,1
2024-02-27 13:35,竹崎(南)-中埔,南下,大貨車,7
2024-02-27 13:35,竹崎(南)-中埔,南下,聯結車,9
2024-02-27 13:35,水上系統-中埔,北上,小客車,75
2024-02-27 13:35,水上系統-中埔,北上,小貨車,34
2024-02-27 13:35,水上系統-中埔,北上,大客車,0
2024-02-27 13:35,水上系統-中埔,北上,大貨車,11
2024-02-27 13:35,水上系統-中埔,北上,聯結車,9
2024-02-27 13:35,中埔-水上系統,南下,小客車,67
2024-02-27 13:35,中埔-水上系統,南下,小貨車,29
2024-02-27 13:35,中埔-水上系統,南下,大客車,14
2024-02-27 13:35,中埔-水上系統,南下,大貨車,11
2024-02-27 13:35,中埔-水上系統,南下,聯結車,2
2024-02-27 13:35,白河-水上系統,北上,小客車,66
2024-02-27 13:35,白河-水上系統,北上,小貨車,29
2024-02-27 13:35,白河-水上系統,北上,大客車,2
2024-02-27 13:35,白河-水上系統,北上,大貨車,3
2024-02-27 13:35,白河-水上系統,北上,聯結車,3
2024-02-27 13:35,水上系統-白河,南下,小客車,74
2024-02-27 13:35,水上系統-白河,南下,小貨車,25
2024-02-27 13:35,水上系統-白河,南下,大客車,1
2024-02-27 13:35,水上系統-白河,南下,大貨車,10
2024-02-27 13:35,水上系統-白河,南下,聯結車,2
2024-02-27 13:35,東山服務區-白河,北上,小客車,61
2024-02-27 13:35,東山服務區-白河,北上,小貨車,21
2024-02-27 13:35,東山服務區-白河,北上,大客車,0
2024-02-27 13:35,東山服務區-白河,北上,大貨車,15
2024-02-27 13:35,東山服務區-白河,北上,聯結車,7
2024-02-27 13:35,白河-東山服務區,南下,小客車,72
2024-02-27 13:35,白河-東山服務區,南下,小貨車,29
2024-02-27 13:35,白河-東山服務區,南下,大客車,5
2024-02-27 13:35,白河-東山服務區,南下,大貨車,6
2024-02-27 13:35,白河-東山服務區,南下,聯結車,1
2024-02-27 13:35,柳營-東山服務區,北上,小客車,57
2024-02-27 13:35,柳營-東山服務區,北上,小貨車,20
2024-02-27 13:35,柳營-東山服務區,北上,大客車,1
2024-02-27 13:35,柳營-東山服務區,北上,大貨車,7
2024-02-27 13:35,柳營-東山服務區,北上,聯結車,6
2024-02-27 13:35,東山服務區-柳營,南下,小客車,75
2024-02-27 13:35,東山服務區-柳營,南下,小貨車,31
2024-02-27 13:35,東山服務區-柳營,南下,大客車,5
2024-02-27 13:35,東山服務區-柳營,南下,大貨車,8
2024-02-27 13:35,東山服務區-柳營,南下,聯結車,1
2024-02-27 13:35,烏山頭-柳營,北上,小客車,68
2024-02-27 13:35,烏山頭-柳營,北上,小貨車,30
2024-02-27 13:35,烏山頭-柳營,北上,大客車,0
2024-02-27 13:35,烏山頭-柳營,北上,大貨車,11
2024-02-27 13:35,烏山頭-柳營,北上,聯結車,7
2024-02-27 13:35,柳營-烏山頭,南下,小客車,79
2024-02-27 13:35,柳營-烏山頭,南下,小貨車,36
2024-02-27 13:35,柳營-烏山頭,南下,大客車,5
2024-02-27 13:35,柳營-烏山頭,南下,大貨車,9
2024-02-27 13:35,柳營-烏山頭,南下,聯結車,6
2024-02-27 13:35,官田系統-烏山頭,北上,小客車,85
2024-02-27 13:35,官田系統-烏山頭,北上,小貨車,33
2024-02-27 13:35,官田系統-烏山頭,北上,大客車,0
2024-02-27 13:35,官田系統-烏山頭,北上,大貨車,14
2024-02-27 13:35,官田系統-烏山頭,北上,聯結車,8
2024-02-27 13:35,烏山頭-官田系統,南下,小客車,86
2024-02-27 13:35,烏山頭-官田系統,南下,小貨車,33
2024-02-27 13:35,烏山頭-官田系統,南下,大客車,4
2024-02-27 13:35,烏山頭-官田系統,南下,大貨車,4
2024-02-27 13:35,烏山頭-官田系統,南下,聯結車,15
2024-02-27 13:35,善化-官田系統,北上,小客車,67
2024-02-27 13:35,善化-官田系統,北上,小貨車,41
2024-02-27 13:35,善化-官田系統,北上,大客車,1
2024-02-27 13:35,善化-官田系統,北上,大貨車,11
2024-02-27 13:35,善化-官田系統,北上,聯結車,6
2024-02-27 13:35,官田系統-善化,南下,小客車,88
2024-02-27 13:35,官田系統-善化,南下,小貨車,40
2024-02-27 13:35,官田系統-善化,南下,大客車,0
2024-02-27 13:35,官田系統-善化,南下,大貨車,11
2024-02-27 13:35,官田系統-善化,南下,聯結車,18
2024-02-27 13:35,新化系統-善化,北上,小客車,71
2024-02-27 13:35,新化系統-善化,北上,小貨車,42
2024-02-27 13:35,新化系統-善化,北上,大客車,0
2024-02-27 13:35,新化系統-善化,北上,大貨車,12
2024-02-27 13:35,新化系統-善化,北上,聯結車,8
2024-02-27 13:35,善化-新化系統,南下,小客車,89
2024-02-27 13:35,善化-新化系統,南下,小貨車,31
2024-02-27 13:35,善化-新化系統,南下,大客車,0
2024-02-27 13:35,善化-新化系統,南下,大貨車,17
2024-02-27 13:35,善化-新化系統,南下,聯結車,18
2024-02-27 13:35,關廟-新化系統,北上,小客車,72
2024-02-27 13:35,關廟-新化系統,北上,小貨車,40
2024-02-27 13:35,關廟-新化系統,北上,大客車,5
2024-02-27 13:35,關廟-新化系統,北上,大貨車,12
2024-02-27 13:35,關廟-新化系統,北上,聯結車,13
2024-02-27 13:35,新化系統-關廟,南下,小客車,78
2024-02-27 13:35,新化系統-關廟,南下,小貨車,28
2024-02-27 13:35,新化系統-關廟,南下,大客車,3
2024-02-27 13:35,新化系統-關廟,南下,大貨車,11
2024-02-27 13:35,新化系統-關廟,南下,聯結車,19
2024-02-27 13:35,關廟服務區-關廟,北上,小客車,71
2024-02-27 13:35,關廟服務區-關廟,北上,小貨車,24
2024-02-27 13:35,關廟服務區-關廟,北上,大客車,1
2024-02-27 13:35,關廟服務區-關廟,北上,大貨車,9
2024-02-27 13:35,關廟服務區-關廟,北上,聯結車,19
2024-02-27 13:35,關廟-關廟服務區,南下,小客車,70
2024-02-27 13:35,關廟-關廟服務區,南下,小貨車,24
2024-02-27 13:35,關廟-關廟服務區,南下,大客車,4
2024-02-27 13:35,關廟-關廟服務區,南下,大貨車,6
2024-02-27 13:35,關廟-關廟服務區,南下,聯結車,21
2024-02-27 13:35,田寮-關廟服務區,北上,小客車,71
2024-02-27 13:35,田寮-關廟服務區,北上,小貨車,26
2024-02-27 13:35,田寮-關廟服務區,北上,大客車,3
2024-02-27 13:35,田寮-關廟服務區,北上,大貨車,10
2024-02-27 13:35,田寮-關廟服務區,北上,聯結車,22
2024-02-27 13:35,關廟服務區-田寮,南下,小客車,72
2024-02-27 13:35,關廟服務區-田寮,南下,小貨車,35
2024-02-27 13:35,關廟服務區-田寮,南下,大客車,0
2024-02-27 13:35,關廟服務區-田寮,南下,大貨車,11
2024-02-27 13:35,關廟服務區-田寮,南下,聯結車,18
2024-02-27 13:35,燕巢系統-田寮,北上,小客車,72
2024-02-27 13:35,燕巢系統-田寮,北上,小貨車,26
2024-02-27 13:35,燕巢系統-田寮,北上,大客車,1
2024-02-27 13:35,燕巢系統-田寮,北上,大貨車,9
2024-02-27 13:35,燕巢系統-田寮,北上,聯結車,25
2024-02-27 13:35,田寮-燕巢系統,南下,小客車,82
2024-02-27 13:35,田寮-燕巢系統,南下,小貨車,34
2024-02-27 13:35,田寮-燕巢系統,南下,大客車,3
2024-02-27 13:35,田寮-燕巢系統,南下,大貨車,12
2024-02-27 13:35,田寮-燕巢系統,南下,聯結車,15
2024-02-27 13:35,九如-燕巢系統,北上,小客車,89
2024-02-27 13:35,九如-燕巢系統,北上,小貨車,35
2024-02-27 13:35,九如-燕巢系統,北上,大客車,1
2024-02-27 13:35,九如-燕巢系統,北上,大貨車,17
2024-02-27 13:35,九如-燕巢系統,北上,聯結車,10
2024-02-27 13:35,燕巢系統-九如,南下,小客車,68
2024-02-27 13:35,燕巢系統-九如,南下,小貨車,30
2024-02-27 13:35,燕巢系統-九如,南下,大客車,2
2024-02-27 13:35,燕巢系統-九如,南下,大貨車,10
2024-02-27 13:35,燕巢系統-九如,南下,聯結車,12
2024-02-27 13:35,屏東-九如,北上,小客車,74
2024-02-27 13:35,屏東-九如,北上,小貨車,31
2024-02-27 13:35,屏東-九如,北上,大客車,1
2024-02-27 13:35,屏東-九如,北上,大貨車,10
2024-02-27 13:35,屏東-九如,北上,聯結車,7
2024-02-27 13:35,九如-屏東,南下,小客車,41
2024-02-27 13:35,九如-屏東,南下,小貨車,23
2024-02-27 13:35,九如-屏東,南下,大客車,1
2024-02-27 13:35,九如-屏東,南下,大貨車,8
2024-02-27 13:35,九如-屏東,南下,聯結車,4
2024-02-27 13:35,屏東-長治,南下,小客車,42
2024-02-27 13:35,屏東-長治,南下,小貨車,22
2024-02-27 13:35,屏東-長治,南下,大客車,0
2024-02-27 13:35,屏東-長治,南下,大貨車,12
2024-02-27 13:35,屏東-長治,南下,聯結車,5
2024-02-27 13:35,長治-屏東,北上,小客車,37
2024-02-27 13:35,長治-屏東,北上,小貨車,22
2024-02-27 13:35,長治-屏東,北上,大客車,1
2024-02-27 13:35,長治-屏東,北上,大貨車,12
2024-02-27 13:35,長治-屏東,北上,聯結車,2
2024-02-27 13:35,長治-麟洛,南下,小客車,39
2024-02-27 13:35,長治-麟洛,南下,小貨車,23
2024-02-27 13:35,長治-麟洛,南下,大客車,1
2024-02-27 13:35,長治-麟洛,南下,大貨車,10
2024-02-27 13:35,長治-麟洛,南下,聯結車,4
2024-02-27 13:35,麟洛-長治,北上,小客車,39
2024-02-27 13:35,麟洛-長治,北上,小貨車,17
2024-02-27 13:35,麟洛-長治,北上,大客車,2
2024-02-27 13:35,麟洛-長治,北上,大貨車,6
2024-02-27 13:35,麟洛-長治,北上,聯結車,6
2024-02-27 13:35,竹田系統-麟洛,北上,小客車,67
2024-02-27 13:35,竹田系統-麟洛,北上,小貨車,29
2024-02-27 13:35,竹田系統-麟洛,北上,大客車,7
2024-02-27 13:35,竹田系統-麟洛,北上,大貨車,7
2024-02-27 13:35,竹田系統-麟洛,北上,聯結車,6
2024-02-27 13:35,麟洛-竹田系統,南下,小客車,57
2024-02-27 13:35,麟洛-竹田系統,南下,小貨車,29
2024-02-27 13:35,麟洛-竹田系統,南下,大客車,2
2024-02-27 13:35,麟洛-竹田系統,南下,大貨車,9
2024-02-27 13:35,麟洛-竹田系統,南下,聯結車,7
2024-02-27 13:35,崁頂-竹田系統,北上,小客車,71
2024-02-27 13:35,崁頂-竹田系統,北上,小貨車,32
2024-02-27 13:35,崁頂-竹田系統,北上,大客車,6
2024-02-27 13:35,崁頂-竹田系統,北上,大貨車,3
2024-02-27 13:35,崁頂-竹田系統,北上,聯結車,6
2024-02-27 13:35,竹田系統-崁頂,南下,小客車,82
2024-02-27 13:35,竹田系統-崁頂,南下,小貨車,31
2024-02-27 13:35,竹田系統-崁頂,南下,大客車,2
2024-02-27 13:35,竹田系統-崁頂,南下,大貨車,9
2024-02-27 13:35,竹田系統-崁頂,南下,聯結車,7
2024-02-27 13:35,南州-崁頂,北上,小客車,55
2024-02-27 13:35,南州-崁頂,北上,小貨車,29
2024-02-27 13:35,南州-崁頂,北上,大客車,1
2024-02-27 13:35,南州-崁頂,北上,大貨車,3
2024-02-27 13:35,南州-崁頂,北上,聯結車,4
2024-02-27 13:35,崁頂-南州,南下,小客車,51
2024-02-27 13:35,崁頂-南州,南下,小貨車,21
2024-02-27 13:35,崁頂-南州,南下,大客車,1
2024-02-27 13:35,崁頂-南州,南下,大貨車,4
2024-02-27 13:35,崁頂-南州,南下,聯結車,3
2024-02-27 13:35,林邊-南州,北上,小客車,20
2024-02-27 13:35,林邊-南州,北上,小貨車,7
2024-02-27 13:35,林邊-南州,北上,大客車,0
2024-02-27 13:35,林邊-南州,北上,大貨車,1
2024-02-27 13:35,林邊-南州,北上,聯結車,0
2024-02-27 13:35,南州-林邊,南下,小客車,12
2024-02-27 13:35,南州-林邊,南下,小貨車,8
2024-02-27 13:35,南州-林邊,南下,大客車,1
2024-02-27 13:35,南州-林邊,南下,大貨車,2
2024-02-27 13:35,南州-林邊,南下,聯結車,1
2024-02-27 13:35,南港系統-石碇,南下,小客車,94
2024-02-27 13:35,南港系統-石碇,南下,小貨車,41
2024-02-27 13:35,南港系統-石碇,南下,大客車,0
2024-02-27 13:35,南港系統-石碇,南下,大貨車,0
2024-02-27 13:35,南港系統-石碇,南下,聯結車,0
2024-02-27 13:35,石碇-南港系統,北上,小客車,114
2024-02-27 13:35,石碇-南港系統,北上,小貨車,35
2024-02-27 13:35,石碇-南港系統,北上,大客車,4
2024-02-27 13:35,石碇-南港系統,北上,大貨車,4
2024-02-27 13:35,石碇-南港系統,北上,聯結車,0
2024-02-27 13:35,坪林交控專用道-石碇,北上,小客車,135
2024-02-27 13:35,坪林交控專用道-石碇,北上,小貨車,40
2024-02-27 13:35,坪林交控專用道-石碇,北上,大客車,3
2024-02-27 13:35,坪林交控專用道-石碇,北上,大貨車,1
2024-02-27 13:35,坪林交控專用道-石碇,北上,聯結車,0
2024-02-27 13:35,石碇-坪林交控專用道,南下,小客車,105
2024-02-27 13:35,石碇-坪林交控專用道,南下,小貨車,46
2024-02-27 13:35,石碇-坪林交控專用道,南下,大客車,5
2024-02-27 13:35,石碇-坪林交控專用道,南下,大貨車,0
2024-02-27 13:35,石碇-坪林交控專用道,南下,聯結車,0
2024-02-27 13:35,頭城-坪林交控專用道,北上,小客車,117
2024-02-27 13:35,頭城-坪林交控專用道,北上,小貨車,41
2024-02-27 13:35,頭城-坪林交控專用道,北上,大客車,5
2024-02-27 13:35,頭城-坪林交控專用道,北上,大貨車,1
2024-02-27 13:35,頭城-坪林交控專用道,北上,聯結車,0
2024-02-27 13:35,坪林交控專用道-頭城,南下,小客車,103
2024-02-27 13:35,坪林交控專用道-頭城,南下,小貨車,41
2024-02-27 13:35,坪林交控專用道-頭城,南下,大客車,3
2024-02-27 13:35,坪林交控專用道-頭城,南下,大貨車,0
2024-02-27 13:35,坪林交控專用道-頭城,南下,聯結車,0
2024-02-27 13:35,宜蘭(北)-頭城,北上,小客車,96
2024-02-27 13:35,宜蘭(北)-頭城,北上,小貨車,31
2024-02-27 13:35,宜蘭(北)-頭城,北上,大客車,2
2024-02-27 13:35,宜蘭(北)-頭城,北上,大貨車,3
2024-02-27 13:35,宜蘭(北)-頭城,北上,聯結車,1
2024-02-27 13:35,頭城-宜蘭(北),南下,小客車,89
2024-02-27 13:35,頭城-宜蘭(北),南下,小貨車,33
2024-02-27 13:35,頭城-宜蘭(北),南下,大客車,3
2024-02-27 13:35,頭城-宜蘭(北),南下,大貨車,3
2024-02-27 13:35,頭城-宜蘭(北),南下,聯結車,6
2024-02-27 13:35,羅東-宜蘭(南),北上,小客車,73
2024-02-27 13:35,羅東-宜蘭(南),北上,小貨車,34
2024-02-27 13:35,羅東-宜蘭(南),北上,大客車,2
2024-02-27 13:35,羅東-宜蘭(南),北上,大貨車,1
2024-02-27 13:35,羅東-宜蘭(南),北上,聯結車,3
2024-02-27 13:35,宜蘭(南)-羅東,南下,小客車,61
2024-02-27 13:35,宜蘭(南)-羅東,南下,小貨車,25
2024-02-27 13:35,宜蘭(南)-羅東,南下,大客車,0
2024-02-27 13:35,宜蘭(南)-羅東,南下,大貨車,3
2024-02-27 13:35,宜蘭(南)-羅東,南下,聯結車,9
2024-02-27 13:35,羅東-蘇澳,南下,小客車,33
2024-02-27 13:35,羅東-蘇澳,南下,小貨車,19
2024-02-27 13:35,羅東-蘇澳,南下,大客車,0
2024-02-27 13:35,羅東-蘇澳,南下,大貨車,5
2024-02-27 13:35,羅東-蘇澳,南下,聯結車,4
2024-02-27 13:35,蘇澳-羅東,北上,小客車,36
2024-02-27 13:35,蘇澳-羅東,北上,小貨車,10
2024-02-27 13:35,蘇澳-羅東,北上,大客車,0
2024-02-27 13:35,蘇澳-羅東,北上,大貨車,1
2024-02-27 13:35,蘇澳-羅東,北上,聯結車,5
2024-02-27 13:35,宜蘭(北)-宜蘭(南),南下,小客車,20
2024-02-27 13:35,宜蘭(北)-宜蘭(南),南下,小貨車,4
2024-02-27 13:35,宜蘭(北)-宜蘭(南),南下,大客車,0
2024-02-27 13:35,宜蘭(北)-宜蘭(南),南下,大貨車,1
2024-02-27 13:35,宜蘭(北)-宜蘭(南),南下,聯結車,2
2024-02-27 13:35,宜蘭(南)-宜蘭(北),北上,小客車,13
2024-02-27 13:35,宜蘭(南)-宜蘭(北),北上,小貨車,12
2024-02-27 13:35,宜蘭(南)-宜蘭(北),北上,大客車,0
2024-02-27 13:35,宜蘭(南)-宜蘭(北),北上,大貨車,1
2024-02-27 13:35,宜蘭(南)-宜蘭(北),北上,聯結車,1
