TimeInterval,GantryID,Direction,VehicleType,TrafficVolume,PCU
2024-02-27 15:35,基隆-基隆端,北上,小客車,89,
2024-02-27 15:35,基隆-基隆端,北上,小貨車,31,
2024-02-27 15:35,基隆-基隆端,北上,大客車,4,
2024-02-27 15:35,基隆-基隆端,北上,大貨車,1,
2024-02-27 15:35,基隆-基隆端,北上,聯結車,2,129.8
2024-02-27 15:35,基隆端-基隆,南下,小客車,88,
2024-02-27 15:35,基隆端-基隆,南下,小貨車,30,
2024-02-27 15:35,基隆端-基隆,南下,大客車,3,
2024-02-27 15:35,基隆端-基隆,南下,大貨車,3,
2024-02-27 15:35,基隆端-基隆,南下,聯結車,0,126.4
2024-02-27 15:35,八堵-基隆,北上,小客車,81,
2024-02-27 15:35,八堵-基隆,北上,小貨車,33,
2024-02-27 15:35,八堵-基隆,北上,大客車,5,
2024-02-27 15:35,八堵-基隆,北上,大貨車,3,
2024-02-27 15:35,八堵-基隆,北上,聯結車,2,128.0
2024-02-27 15:35,基隆-八堵,南下,小客車,77,
2024-02-27 15:35,基隆-八堵,南下,小貨車,29,
2024-02-27 15:35,基隆-八堵,南下,大客車,3,
2024-02-27 15:35,基隆-八堵,南下,大貨車,5,
2024-02-27 15:35,基隆-八堵,南下,聯結車,1,118.6
2024-02-27 15:35,大華系統-八堵,北上,小客車,93,
2024-02-27 15:35,大華系統-八堵,北上,小貨車,39,
2024-02-27 15:35,大華系統-八堵,北上,大客車,5,
2024-02-27 15:35,大華系統-八堵,北上,大貨車,6,
2024-02-27 15:35,大華系統-八堵,北上,聯結車,3,151.6
2024-02-27 15:35,八堵-大華系統,南下,小客車,96,
2024-02-27 15:35,八堵-大華系統,南下,小貨車,38,
2024-02-27 15:35,八堵-大華系統,南下,大客車,6,
2024-02-27 15:35,八堵-大華系統,南下,大貨車,5,
2024-02-27 15:35,八堵-大華系統,南下,聯結車,3,153.6
2024-02-27 15:35,五堵-大華系統,北上,小客車,168,
2024-02-27 15:35,五堵-大華系統,北上,小貨車,71,
2024-02-27 15:35,五堵-大華系統,北上,大客車,14,
2024-02-27 15:35,五堵-大華系統,北上,大貨車,8,
2024-02-27 15:35,五堵-大華系統,北上,聯結車,18,295.0
2024-02-27 15:35,大華系統-五堵,南下,小客車,162,
2024-02-27 15:35,大華系統-五堵,南下,小貨車,70,
2024-02-27 15:35,大華系統-五堵,南下,大客車,20,
2024-02-27 15:35,大華系統-五堵,南下,大貨車,10,
2024-02-27 15:35,大華系統-五堵,南下,聯結車,16,296.4
2024-02-27 15:35,汐止&汐止系統-五堵,北上,小客車,176,
2024-02-27 15:35,汐止&汐止系統-五堵,北上,小貨車,70,
2024-02-27 15:35,汐止&汐止系統-五堵,北上,大客車,8,
2024-02-27 15:35,汐止&汐止系統-五堵,北上,大貨車,6,
2024-02-27 15:35,汐止&汐止系統-五堵,北上,聯結車,17,289.4
2024-02-27 15:35,五堵-汐止&汐止系統,南下,小客車,184,
2024-02-27 15:35,五堵-汐止&汐止系統,南下,小貨車,62,
2024-02-27 15:35,五堵-汐止&汐止系統,南下,大客車,12,
2024-02-27 15:35,五堵-汐止&汐止系統,南下,大貨車,7,
2024-02-27 15:35,五堵-汐止&汐止系統,南下,聯結車,9,285.2
2024-02-27 15:35,東湖-汐止&汐止系統,北上,小客車,137,
2024-02-27 15:35,東湖-汐止&汐止系統,北上,小貨車,48,
2024-02-27 15:35,東湖-汐止&汐止系統,北上,大客車,3,
2024-02-27 15:35,東湖-汐止&汐止系統,北上,大貨車,15,
2024-02-27 15:35,東湖-汐止&汐止系統,北上,聯結車,16,232.6
2024-02-27 15:35,汐止&汐止系統-東湖,南下,小客車,149,
2024-02-27 15:35,汐止&汐止系統-東湖,南下,小貨車,45,
2024-02-27 15:35,汐止&汐止系統-東湖,南下,大客車,5,
2024-02-27 15:35,汐止&汐止系統-東湖,南下,大貨車,19,
2024-02-27 15:35,汐止&汐止系統-東湖,南下,聯結車,14,247.2
2024-02-27 15:35,內湖-東湖,北上,小客車,182,
2024-02-27 15:35,內湖-東湖,北上,小貨車,76,
2024-02-27 15:35,內湖-東湖,北上,大客車,2,
2024-02-27 15:35,內湖-東湖,北上,大貨車,20,
2024-02-27 15:35,內湖-東湖,北上,聯結車,14,308.4
2024-02-27 15:35,東湖-內湖,南下,小客車,215,
2024-02-27 15:35,東湖-內湖,南下,小貨車,71,
2024-02-27 15:35,東湖-內湖,南下,大客車,3,
2024-02-27 15:35,東湖-內湖,南下,大貨車,19,
2024-02-27 15:35,東湖-內湖,南下,聯結車,16,339.2
2024-02-27 15:35,內湖-圓山,南下,小客車,214,
2024-02-27 15:35,內湖-圓山,南下,小貨車,89,
2024-02-27 15:35,內湖-圓山,南下,大客車,2,
2024-02-27 15:35,內湖-圓山,南下,大貨車,26,
2024-02-27 15:35,內湖-圓山,南下,聯結車,16,364.6
2024-02-27 15:35,圓山-內湖,北上,小客車,171,
2024-02-27 15:35,圓山-內湖,北上,小貨車,61,
2024-02-27 15:35,圓山-內湖,北上,大客車,2,
2024-02-27 15:35,圓山-內湖,北上,大貨車,21,
2024-02-27 15:35,圓山-內湖,北上,聯結車,21,293.6
2024-02-27 15:35,台北-圓山,北上,小客車,334,
2024-02-27 15:35,台北-圓山,北上,小貨車,103,
2024-02-27 15:35,台北-圓山,北上,大客車,8,
2024-02-27 15:35,台北-圓山,北上,大貨車,23,
2024-02-27 15:35,台北-圓山,北上,聯結車,28,519.6
2024-02-27 15:35,圓山-台北,南下,小客車,260,
2024-02-27 15:35,圓山-台北,南下,小貨車,96,
2024-02-27 15:35,圓山-台北,南下,大客車,4,
2024-02-27 15:35,圓山-台北,南下,大貨車,21,
2024-02-27 15:35,圓山-台北,南下,聯結車,22,421.8
2024-02-27 15:35,三重-台北,北上,小客車,306,
2024-02-27 15:35,三重-台北,北上,小貨車,95,
2024-02-27 15:35,三重-台北,北上,大客車,7,
2024-02-27 15:35,三重-台北,北上,大貨車,17,
2024-02-27 15:35,三重-台北,北上,聯結車,30,476.6
2024-02-27 15:35,台北-三重,南下,小客車,243,
2024-02-27 15:35,台北-三重,南下,小貨車,110,
2024-02-27 15:35,台北-三重,南下,大客車,15,
2024-02-27 15:35,台北-三重,南下,大貨車,28,
2024-02-27 15:35,台北-三重,南下,聯結車,20,441.2
2024-02-27 15:35,五股-三重,北上,小客車,303,
2024-02-27 15:35,五股-三重,北上,小貨車,89,
2024-02-27 15:35,五股-三重,北上,大客車,12,
2024-02-27 15:35,五股-三重,北上,大貨車,14,
2024-02-27 15:35,五股-三重,北上,聯結車,17,452.2
2024-02-27 15:35,三重-五股,南下,小客車,207,
2024-02-27 15:35,三重-五股,南下,小貨車,72,
2024-02-27 15:35,三重-五股,南下,大客車,10,
2024-02-27 15:35,三重-五股,南下,大貨車,23,
2024-02-27 15:35,三重-五股,南下,聯結車,14,344.8
2024-02-27 15:35,五股-高公局,南下,小客車,445,
2024-02-27 15:35,五股-高公局,南下,小貨車,165,
2024-02-27 15:35,五股-高公局,南下,大客車,13,
2024-02-27 15:35,五股-高公局,南下,大貨車,34,
2024-02-27 15:35,五股-高公局,南下,聯結車,15,696.8
2024-02-27 15:35,高公局-五股,北上,小客車,412,
2024-02-27 15:35,高公局-五股,北上,小貨車,160,
2024-02-27 15:35,高公局-五股,北上,大客車,15,
2024-02-27 15:35,高公局-五股,北上,大貨車,21,
2024-02-27 15:35,高公局-五股,北上,聯結車,25,657.4
2024-02-27 15:35,林口(北)-高公局,北上,小客車,333,
2024-02-27 15:35,林口(北)-高公局,北上,小貨車,138,
2024-02-27 15:35,林口(北)-高公局,北上,大客車,15,
2024-02-27 15:35,林口(北)-高公局,北上,大貨車,26,
2024-02-27 15:35,林口(北)-高公局,北上,聯結車,11,543.8
2024-02-27 15:35,高公局-林口(北),南下,小客車,335,
2024-02-27 15:35,高公局-林口(北),南下,小貨車,141,
2024-02-27 15:35,高公局-林口(北),南下,大客車,12,
2024-02-27 15:35,高公局-林口(北),南下,大貨車,36,
2024-02-27 15:35,高公局-林口(北),南下,聯結車,14,562.8
2024-02-27 15:35,林口(南)-林口(北),北上,小客車,185,
2024-02-27 15:35,林口(南)-林口(北),北上,小貨車,66,
2024-02-27 15:35,林口(南)-林口(北),北上,大客車,3,
2024-02-27 15:35,林口(南)-林口(北),北上,大貨車,13,
2024-02-27 15:35,林口(南)-林口(北),北上,聯結車,7,283.2
2024-02-27 15:35,林口(北)-林口(南),南下,小客車,179,
2024-02-27 15:35,林口(北)-林口(南),南下,小貨車,69,
2024-02-27 15:35,林口(北)-林口(南),南下,大客車,6,
2024-02-27 15:35,林口(北)-林口(南),南下,大貨車,14,
2024-02-27 15:35,林口(北)-林口(南),南下,聯結車,17,299.8
2024-02-27 15:35,桃園(北)-林口(南),北上,小客車,340,
2024-02-27 15:35,桃園(北)-林口(南),北上,小貨車,139,
2024-02-27 15:35,桃園(北)-林口(南),北上,大客車,15,
2024-02-27 15:35,桃園(北)-林口(南),北上,大貨車,28,
2024-02-27 15:35,桃園(北)-林口(南),北上,聯結車,18,564.4
2024-02-27 15:35,林口(南)-桃園(北),南下,小客車,335,
2024-02-27 15:35,林口(南)-桃園(北),南下,小貨車,111,
2024-02-27 15:35,林口(南)-桃園(北),南下,大客車,6,
2024-02-27 15:35,林口(南)-桃園(北),南下,大貨車,34,
2024-02-27 15:35,林口(南)-桃園(北),南下,聯結車,28,541.2
2024-02-27 15:35,桃園(南)-桃園(北),北上,小客車,197,
2024-02-27 15:35,桃園(南)-桃園(北),北上,小貨車,84,
2024-02-27 15:35,桃園(南)-桃園(北),北上,大客車,6,
2024-02-27 15:35,桃園(南)-桃園(北),北上,大貨車,21,
2024-02-27 15:35,桃園(南)-桃園(北),北上,聯結車,13,337.0
2024-02-27 15:35,桃園(北)-桃園(南),南下,小客車,209,
2024-02-27 15:35,桃園(北)-桃園(南),南下,小貨車,88,
2024-02-27 15:35,桃園(北)-桃園(南),南下,大客車,0,
2024-02-27 15:35,桃園(北)-桃園(南),南下,大貨車,33,
2024-02-27 15:35,桃園(北)-桃園(南),南下,聯結車,16,365.6
2024-02-27 15:35,機場系統-桃園(南),北上,小客車,338,
2024-02-27 15:35,機場系統-桃園(南),北上,小貨車,139,
2024-02-27 15:35,機場系統-桃園(南),北上,大客車,7,
2024-02-27 15:35,機場系統-桃園(南),北上,大貨車,34,
2024-02-27 15:35,機場系統-桃園(南),北上,聯結車,15,555.4
2024-02-27 15:35,桃園(南)-機場系統,南下,小客車,348,
2024-02-27 15:35,桃園(南)-機場系統,南下,小貨車,133,
2024-02-27 15:35,桃園(南)-機場系統,南下,大客車,2,
2024-02-27 15:35,桃園(南)-機場系統,南下,大貨車,39,
2024-02-27 15:35,桃園(南)-機場系統,南下,聯結車,33,584.6
2024-02-27 15:35,中壢服務區-機場系統,北上,小客車,231,
2024-02-27 15:35,中壢服務區-機場系統,北上,小貨車,97,
2024-02-27 15:35,中壢服務區-機場系統,北上,大客車,8,
2024-02-27 15:35,中壢服務區-機場系統,北上,大貨車,33,
2024-02-27 15:35,中壢服務區-機場系統,北上,聯結車,10,399.4
2024-02-27 15:35,機場系統-中壢服務區,南下,小客車,259,
2024-02-27 15:35,機場系統-中壢服務區,南下,小貨車,124,
2024-02-27 15:35,機場系統-中壢服務區,南下,大客車,3,
2024-02-27 15:35,機場系統-中壢服務區,南下,大貨車,38,
2024-02-27 15:35,機場系統-中壢服務區,南下,聯結車,21,469.8
2024-02-27 15:35,內壢-中壢服務區,北上,小客車,237,
2024-02-27 15:35,內壢-中壢服務區,北上,小貨車,95,
2024-02-27 15:35,內壢-中壢服務區,北上,大客車,4,
2024-02-27 15:35,內壢-中壢服務區,北上,大貨車,40,
2024-02-27 15:35,內壢-中壢服務區,北上,聯結車,16,416.0
2024-02-27 15:35,中壢服務區-內壢,南下,小客車,241,
2024-02-27 15:35,中壢服務區-內壢,南下,小貨車,96,
2024-02-27 15:35,中壢服務區-內壢,南下,大客車,6,
2024-02-27 15:35,中壢服務區-內壢,南下,大貨車,37,
2024-02-27 15:35,中壢服務區-內壢,南下,聯結車,19,423.8
2024-02-27 15:35,內壢-中壢,南下,小客車,165,
2024-02-27 15:35,內壢-中壢,南下,小貨車,63,
2024-02-27 15:35,內壢-中壢,南下,大客車,1,
2024-02-27 15:35,內壢-中壢,南下,大貨車,25,
2024-02-27 15:35,內壢-中壢,南下,聯結車,14,284.0
2024-02-27 15:35,中壢-內壢,北上,小客車,184,
2024-02-27 15:35,中壢-內壢,北上,小貨車,70,
2024-02-27 15:35,中壢-內壢,北上,大客車,4,
2024-02-27 15:35,中壢-內壢,北上,大貨車,37,
2024-02-27 15:35,中壢-內壢,北上,聯結車,22,342.2
2024-02-27 15:35,平鎮系統-中壢,北上,小客車,195,
2024-02-27 15:35,平鎮系統-中壢,北上,小貨車,87,
2024-02-27 15:35,平鎮系統-中壢,北上,大客車,2,
2024-02-27 15:35,平鎮系統-中壢,北上,大貨車,42,
2024-02-27 15:35,平鎮系統-中壢,北上,聯結車,25,378.6
2024-02-27 15:35,中壢-平鎮系統,南下,小客車,180,
2024-02-27 15:35,中壢-平鎮系統,南下,小貨車,93,
2024-02-27 15:35,中壢-平鎮系統,南下,大客車,4,
2024-02-27 15:35,中壢-平鎮系統,南下,大貨車,30,
2024-02-27 15:35,中壢-平鎮系統,南下,聯結車,18,345.8
2024-02-27 15:35,幼獅-平鎮系統,北上,小客車,196,
2024-02-27 15:35,幼獅-平鎮系統,北上,小貨車,88,
2024-02-27 15:35,幼獅-平鎮系統,北上,大客車,5,
2024-02-27 15:35,幼獅-平鎮系統,北上,大貨車,47,
2024-02-27 15:35,幼獅-平鎮系統,北上,聯結車,25,391.8
2024-02-27 15:35,平鎮系統-幼獅,南下,小客車,141,
2024-02-27 15:35,平鎮系統-幼獅,南下,小貨車,61,
2024-02-27 15:35,平鎮系統-幼獅,南下,大客車,3,
2024-02-27 15:35,平鎮系統-幼獅,南下,大貨車,35,
2024-02-27 15:35,平鎮系統-幼獅,南下,聯結車,15,276.2
2024-02-27 15:35,楊梅-幼獅,北上,小客車,180,
2024-02-27 15:35,楊梅-幼獅,北上,小貨車,81,
2024-02-27 15:35,楊梅-幼獅,北上,大客車,3,
2024-02-27 15:35,楊梅-幼獅,北上,大貨車,39,
2024-02-27 15:35,楊梅-幼獅,北上,聯結車,18,345.0
2024-02-27 15:35,幼獅-楊梅,南下,小客車,128,
2024-02-27 15:35,幼獅-楊梅,南下,小貨車,57,
2024-02-27 15:35,幼獅-楊梅,南下,大客車,0,
2024-02-27 15:35,幼獅-楊梅,南下,大貨車,29,
2024-02-27 15:35,幼獅-楊梅,南下,聯結車,12,242.4
2024-02-27 15:35,楊梅端-楊梅,北上,小客車,121,
2024-02-27 15:35,楊梅端-楊梅,北上,小貨車,65,
2024-02-27 15:35,楊梅端-楊梅,北上,大客車,2,
2024-02-27 15:35,楊梅端-楊梅,北上,大貨車,20,
2024-02-27 15:35,楊梅端-楊梅,北上,聯結車,12,233.6
2024-02-27 15:35,楊梅-楊梅端,南下,小客車,90,
2024-02-27 15:35,楊梅-楊梅端,南下,小貨車,32,
2024-02-27 15:35,楊梅-楊梅端,南下,大客車,1,
2024-02-27 15:35,楊梅-楊梅端,南下,大貨車,24,
2024-02-27 15:35,楊梅-楊梅端,南下,聯結車,11,172.4
2024-02-27 15:35,湖口-楊梅端,北上,小客車,253,
2024-02-27 15:35,湖口-楊梅端,北上,小貨車,117,
2024-02-27 15:35,湖口-楊梅端,北上,大客車,8,
2024-02-27 15:35,湖口-楊梅端,北上,大貨車,21,
2024-02-27 15:35,湖口-楊梅端,北上,聯結車,13,428.8
2024-02-27 15:35,楊梅端-湖口,南下,小客車,223,
2024-02-27 15:35,楊梅端-湖口,南下,小貨車,71,
2024-02-27 15:35,楊梅端-湖口,南下,大客車,9,
2024-02-27 15:35,楊梅端-湖口,南下,大貨車,27,
2024-02-27 15:35,楊梅端-湖口,南下,聯結車,12,361.2
2024-02-27 15:35,竹北-湖口,北上,小客車,243,
2024-02-27 15:35,竹北-湖口,北上,小貨車,120,
2024-02-27 15:35,竹北-湖口,北上,大客車,8,
2024-02-27 15:35,竹北-湖口,北上,大貨車,33,
2024-02-27 15:35,竹北-湖口,北上,聯結車,11,435.8
2024-02-27 15:35,湖口-竹北,南下,小客車,235,
2024-02-27 15:35,湖口-竹北,南下,小貨車,77,
2024-02-27 15:35,湖口-竹北,南下,大客車,9,
2024-02-27 15:35,湖口-竹北,南下,大貨車,32,
2024-02-27 15:35,湖口-竹北,南下,聯結車,21,398.8
2024-02-27 15:35,新竹(北)-竹北,北上,小客車,271,
2024-02-27 15:35,新竹(北)-竹北,北上,小貨車,93,
2024-02-27 15:35,新竹(北)-竹北,北上,大客車,5,
2024-02-27 15:35,新竹(北)-竹北,北上,大貨車,27,
2024-02-27 15:35,新竹(北)-竹北,北上,聯結車,12,425.6
2024-02-27 15:35,竹北-新竹(北),南下,小客車,245,
2024-02-27 15:35,竹北-新竹(北),南下,小貨車,87,
2024-02-27 15:35,竹北-新竹(北),南下,大客車,12,
2024-02-27 15:35,竹北-新竹(北),南下,大貨車,28,
2024-02-27 15:35,竹北-新竹(北),南下,聯結車,18,413.2
2024-02-27 15:35,新竹(北)-新竹(南),南下,小客車,156,
2024-02-27 15:35,新竹(北)-新竹(南),南下,小貨車,62,
2024-02-27 15:35,新竹(北)-新竹(南),南下,大客車,7,
2024-02-27 15:35,新竹(北)-新竹(南),南下,大貨車,22,
2024-02-27 15:35,新竹(北)-新竹(南),南下,聯結車,15,279.6
2024-02-27 15:35,新竹(南)-新竹(北),北上,小客車,154,
2024-02-27 15:35,新竹(南)-新竹(北),北上,小貨車,58,
2024-02-27 15:35,新竹(南)-新竹(北),北上,大客車,5,
2024-02-27 15:35,新竹(南)-新竹(北),北上,大貨車,13,
2024-02-27 15:35,新竹(南)-新竹(北),北上,聯結車,11,252.6
2024-02-27 15:35,新竹系統-新竹(南),北上,小客車,224,
2024-02-27 15:35,新竹系統-新竹(南),北上,小貨車,93,
2024-02-27 15:35,新竹系統-新竹(南),北上,大客車,7,
2024-02-27 15:35,新竹系統-新竹(南),北上,大貨車,23,
2024-02-27 15:35,新竹系統-新竹(南),北上,聯結車,14,378.6
2024-02-27 15:35,新竹(南)-新竹系統,南下,小客車,245,
2024-02-27 15:35,新竹(南)-新竹系統,南下,小貨車,74,
2024-02-27 15:35,新竹(南)-新竹系統,南下,大客車,12,
2024-02-27 15:35,新竹(南)-新竹系統,南下,大貨車,36,
2024-02-27 15:35,新竹(南)-新竹系統,南下,聯結車,17,410.0
2024-02-27 15:35,頭份-新竹系統,北上,小客車,184,
2024-02-27 15:35,頭份-新竹系統,北上,小貨車,78,
2024-02-27 15:35,頭份-新竹系統,北上,大客車,7,
2024-02-27 15:35,頭份-新竹系統,北上,大貨車,20,
2024-02-27 15:35,頭份-新竹系統,北上,聯結車,12,316.6
2024-02-27 15:35,新竹系統-頭份,南下,小客車,197,
2024-02-27 15:35,新竹系統-頭份,南下,小貨車,83,
2024-02-27 15:35,新竹系統-頭份,南下,大客車,6,
2024-02-27 15:35,新竹系統-頭份,南下,大貨車,21,
2024-02-27 15:35,新竹系統-頭份,南下,聯結車,5,324.8
2024-02-27 15:35,頭屋-頭份,北上,小客車,153,
2024-02-27 15:35,頭屋-頭份,北上,小貨車,57,
2024-02-27 15:35,頭屋-頭份,北上,大客車,5,
2024-02-27 15:35,頭屋-頭份,北上,大貨車,15,
2024-02-27 15:35,頭屋-頭份,北上,聯結車,2,240.8
2024-02-27 15:35,頭份-頭屋,南下,小客車,165,
2024-02-27 15:35,頭份-頭屋,南下,小貨車,53,
2024-02-27 15:35,頭份-頭屋,南下,大客車,6,
2024-02-27 15:35,頭份-頭屋,南下,大貨車,22,
2024-02-27 15:35,頭份-頭屋,南下,聯結車,5,264.2
2024-02-27 15:35,苗栗-頭屋,北上,小客車,168,
2024-02-27 15:35,苗栗-頭屋,北上,小貨車,57,
2024-02-27 15:35,苗栗-頭屋,北上,大客車,2,
2024-02-27 15:35,苗栗-頭屋,北上,大貨車,21,
2024-02-27 15:35,苗栗-頭屋,北上,聯結車,13,275.4
2024-02-27 15:35,頭屋-苗栗,南下,小客車,160,
2024-02-27 15:35,頭屋-苗栗,南下,小貨車,65,
2024-02-27 15:35,頭屋-苗栗,南下,大客車,2,
2024-02-27 15:35,頭屋-苗栗,南下,大貨車,20,
2024-02-27 15:35,頭屋-苗栗,南下,聯結車,10,269.8
2024-02-27 15:35,銅鑼-苗栗,北上,小客車,164,
2024-02-27 15:35,銅鑼-苗栗,北上,小貨車,61,
2024-02-27 15:35,銅鑼-苗栗,北上,大客車,4,
2024-02-27 15:35,銅鑼-苗栗,北上,大貨車,17,
2024-02-27 15:35,銅鑼-苗栗,北上,聯結車,11,269.8
2024-02-27 15:35,苗栗-銅鑼,南下,小客車,132,
2024-02-27 15:35,苗栗-銅鑼,南下,小貨車,47,
2024-02-27 15:35,苗栗-銅鑼,南下,大客車,6,
2024-02-27 15:35,苗栗-銅鑼,南下,大貨車,17,
2024-02-27 15:35,苗栗-銅鑼,南下,聯結車,4,216.8
2024-02-27 15:35,三義-銅鑼,北上,小客車,179,
2024-02-27 15:35,三義-銅鑼,北上,小貨車,65,
2024-02-27 15:35,三義-銅鑼,北上,大客車,9,
2024-02-27 15:35,三義-銅鑼,北上,大貨車,20,
2024-02-27 15:35,三義-銅鑼,北上,聯結車,11,300.0
2024-02-27 15:35,銅鑼-三義,南下,小客車,178,
2024-02-27 15:35,銅鑼-三義,南下,小貨車,60,
2024-02-27 15:35,銅鑼-三義,南下,大客車,8,
2024-02-27 15:35,銅鑼-三義,南下,大貨車,12,
2024-02-27 15:35,銅鑼-三義,南下,聯結車,6,274.4
2024-02-27 15:35,后里-三義,北上,小客車,178,
2024-02-27 15:35,后里-三義,北上,小貨車,64,
2024-02-27 15:35,后里-三義,北上,大客車,1,
2024-02-27 15:35,后里-三義,北上,大貨車,10,
2024-02-27 15:35,后里-三義,北上,聯結車,10,271.4
2024-02-27 15:35,三義-后里,南下,小客車,184,
2024-02-27 15:35,三義-后里,南下,小貨車,55,
2024-02-27 15:35,三義-后里,南下,大客車,9,
2024-02-27 15:35,三義-后里,南下,大貨車,17,
2024-02-27 15:35,三義-后里,南下,聯結車,7,285.2
2024-02-27 15:35,台中系統-后里,北上,小客車,226,
2024-02-27 15:35,台中系統-后里,北上,小貨車,66,
2024-02-27 15:35,台中系統-后里,北上,大客車,6,
2024-02-27 15:35,台中系統-后里,北上,大貨車,18,
2024-02-27 15:35,台中系統-后里,北上,聯結車,5,332.6
2024-02-27 15:35,后里-台中系統,南下,小客車,192,
2024-02-27 15:35,后里-台中系統,南下,小貨車,97,
2024-02-27 15:35,后里-台中系統,南下,大客車,4,
2024-02-27 15:35,后里-台中系統,南下,大貨車,22,
2024-02-27 15:35,后里-台中系統,南下,聯結車,12,342.2
2024-02-27 15:35,豐原-台中系統,北上,小客車,223,
2024-02-27 15:35,豐原-台中系統,北上,小貨車,102,
2024-02-27 15:35,豐原-台中系統,北上,大客車,6,
2024-02-27 15:35,豐原-台中系統,北上,大貨車,20,
2024-02-27 15:35,豐原-台中系統,北上,聯結車,12,378.2
2024-02-27 15:35,台中系統-豐原,南下,小客車,240,
2024-02-27 15:35,台中系統-豐原,南下,小貨車,113,
2024-02-27 15:35,台中系統-豐原,南下,大客車,4,
2024-02-27 15:35,台中系統-豐原,南下,大貨車,23,
2024-02-27 15:35,台中系統-豐原,南下,聯結車,8,402.0
2024-02-27 15:35,大雅-豐原,北上,小客車,250,
2024-02-27 15:35,大雅-豐原,北上,小貨車,120,
2024-02-27 15:35,大雅-豐原,北上,大客車,7,
2024-02-27 15:35,大雅-豐原,北上,大貨車,25,
2024-02-27 15:35,大雅-豐原,北上,聯結車,9,427.4
2024-02-27 15:35,豐原-大雅,南下,小客車,270,
2024-02-27 15:35,豐原-大雅,南下,小貨車,87,
2024-02-27 15:35,豐原-大雅,南下,大客車,6,
2024-02-27 15:35,豐原-大雅,南下,大貨車,20,
2024-02-27 15:35,豐原-大雅,南下,聯結車,7,403.2
2024-02-27 15:35,台中-大雅,北上,小客車,239,
2024-02-27 15:35,台中-大雅,北上,小貨車,92,
2024-02-27 15:35,台中-大雅,北上,大客車,6,
2024-02-27 15:35,台中-大雅,北上,大貨車,22,
2024-02-27 15:35,台中-大雅,北上,聯結車,7,380.0
2024-02-27 15:35,大雅-台中,南下,小客車,215,
2024-02-27 15:35,大雅-台中,南下,小貨車,100,
2024-02-27 15:35,大雅-台中,南下,大客車,3,
2024-02-27 15:35,大雅-台中,南下,大貨車,22,
2024-02-27 15:35,大雅-台中,南下,聯結車,11,365.4
2024-02-27 15:35,南屯-台中,北上,小客車,203,
2024-02-27 15:35,南屯-台中,北上,小貨車,68,
2024-02-27 15:35,南屯-台中,北上,大客車,3,
2024-02-27 15:35,南屯-台中,北上,大貨車,20,
2024-02-27 15:35,南屯-台中,北上,聯結車,8,314.4
2024-02-27 15:35,台中-南屯,南下,小客車,184,
2024-02-27 15:35,台中-南屯,南下,小貨車,108,
2024-02-27 15:35,台中-南屯,南下,大客車,2,
2024-02-27 15:35,台中-南屯,南下,大貨車,24,
2024-02-27 15:35,台中-南屯,南下,聯結車,9,341.0
2024-02-27 15:35,王田-南屯,北上,小客車,188,
2024-02-27 15:35,王田-南屯,北上,小貨車,73,
2024-02-27 15:35,王田-南屯,北上,大客車,4,
2024-02-27 15:35,王田-南屯,北上,大貨車,16,
2024-02-27 15:35,王田-南屯,北上,聯結車,13,307.2
2024-02-27 15:35,南屯-王田,南下,小客車,166,
2024-02-27 15:35,南屯-王田,南下,小貨車,87,
2024-02-27 15:35,南屯-王田,南下,大客車,1,
2024-02-27 15:35,南屯-王田,南下,大貨車,22,
2024-02-27 15:35,南屯-王田,南下,聯結車,12,302.0
2024-02-27 15:35,彰化系統-王田,北上,小客車,212,
2024-02-27 15:35,彰化系統-王田,北上,小貨車,86,
2024-02-27 15:35,彰化系統-王田,北上,大客車,9,
2024-02-27 15:35,彰化系統-王田,北上,大貨車,22,
2024-02-27 15:35,彰化系統-王田,北上,聯結車,13,359.6
2024-02-27 15:35,王田-彰化系統,南下,小客車,148,
2024-02-27 15:35,王田-彰化系統,南下,小貨車,82,
2024-02-27 15:35,王田-彰化系統,南下,大客車,5,
2024-02-27 15:35,王田-彰化系統,南下,大貨車,20,
2024-02-27 15:35,王田-彰化系統,南下,聯結車,5,272.0
2024-02-27 15:35,彰化-彰化系統,北上,小客車,311,
2024-02-27 15:35,彰化-彰化系統,北上,小貨車,128,
2024-02-27 15:35,彰化-彰化系統,北上,大客車,10,
2024-02-27 15:35,彰化-彰化系統,北上,大貨車,40,
2024-02-27 15:35,彰化-彰化系統,北上,聯結車,31,552.4
2024-02-27 15:35,彰化系統-彰化,南下,小客車,195,
2024-02-27 15:35,彰化系統-彰化,南下,小貨車,108,
2024-02-27 15:35,彰化系統-彰化,南下,大客車,7,
2024-02-27 15:35,彰化系統-彰化,南下,大貨車,31,
2024-02-27 15:35,彰化系統-彰化,南下,聯結車,16,378.6
2024-02-27 15:35,埔鹽系統-彰化,北上,小客車,285,
2024-02-27 15:35,埔鹽系統-彰化,北上,小貨車,120,
2024-02-27 15:35,埔鹽系統-彰化,北上,大客車,14,
2024-02-27 15:35,埔鹽系統-彰化,北上,大貨車,48,
2024-02-27 15:35,埔鹽系統-彰化,北上,聯結車,31,535.2
2024-02-27 15:35,彰化-埔鹽系統,南下,小客車,209,
2024-02-27 15:35,彰化-埔鹽系統,南下,小貨車,87,
2024-02-27 15:35,彰化-埔鹽系統,南下,大客車,7,
2024-02-27 15:35,彰化-埔鹽系統,南下,大貨車,31,
2024-02-27 15:35,彰化-埔鹽系統,南下,聯結車,20,377.2
2024-02-27 15:35,員林-埔鹽系統,北上,小客車,213,
2024-02-27 15:35,員林-埔鹽系統,北上,小貨車,110,
2024-02-27 15:35,員林-埔鹽系統,北上,大客車,16,
2024-02-27 15:35,員林-埔鹽系統,北上,大貨車,40,
2024-02-27 15:35,員林-埔鹽系統,北上,聯結車,25,436.4
2024-02-27 15:35,埔鹽系統-員林,南下,小客車,185,
2024-02-27 15:35,埔鹽系統-員林,南下,小貨車,95,
2024-02-27 15:35,埔鹽系統-員林,南下,大客車,2,
2024-02-27 15:35,埔鹽系統-員林,南下,大貨車,32,
2024-02-27 15:35,埔鹽系統-員林,南下,聯結車,23,359.8
2024-02-27 15:35,北斗-員林,北上,小客車,214,
2024-02-27 15:35,北斗-員林,北上,小貨車,91,
2024-02-27 15:35,北斗-員林,北上,大客車,4,
2024-02-27 15:35,北斗-員林,北上,大貨車,30,
2024-02-27 15:35,北斗-員林,北上,聯結車,20,380.6
2024-02-27 15:35,員林-北斗,南下,小客車,163,
2024-02-27 15:35,員林-北斗,南下,小貨車,77,
2024-02-27 15:35,員林-北斗,南下,大客車,1,
2024-02-27 15:35,員林-北斗,南下,大貨車,37,
2024-02-27 15:35,員林-北斗,南下,聯結車,24,326.8
2024-02-27 15:35,西螺-北斗,北上,小客車,167,
2024-02-27 15:35,西螺-北斗,北上,小貨車,79,
2024-02-27 15:35,西螺-北斗,北上,大客車,4,
2024-02-27 15:35,西螺-北斗,北上,大貨車,37,
2024-02-27 15:35,西螺-北斗,北上,聯結車,19,330.0
2024-02-27 15:35,北斗-西螺,南下,小客車,144,
2024-02-27 15:35,北斗-西螺,南下,小貨車,56,
2024-02-27 15:35,北斗-西螺,南下,大客車,5,
2024-02-27 15:35,北斗-西螺,南下,大貨車,31,
2024-02-27 15:35,北斗-西螺,南下,聯結車,23,282.6
2024-02-27 15:35,虎尾-西螺,北上,小客車,172,
2024-02-27 15:35,虎尾-西螺,北上,小貨車,74,
2024-02-27 15:35,虎尾-西螺,北上,大客車,2,
2024-02-27 15:35,虎尾-西螺,北上,大貨車,23,
2024-02-27 15:35,虎尾-西螺,北上,聯結車,14,300.6
2024-02-27 15:35,西螺-虎尾,南下,小客車,165,
2024-02-27 15:35,西螺-虎尾,南下,小貨車,76,
2024-02-27 15:35,西螺-虎尾,南下,大客車,11,
2024-02-27 15:35,西螺-虎尾,南下,大貨車,31,
2024-02-27 15:35,西螺-虎尾,南下,聯結車,29,340.4
2024-02-27 15:35,斗南-虎尾,北上,小客車,136,
2024-02-27 15:35,斗南-虎尾,北上,小貨車,52,
2024-02-27 15:35,斗南-虎尾,北上,大客車,9,
2024-02-27 15:35,斗南-虎尾,北上,大貨車,38,
2024-02-27 15:35,斗南-虎尾,北上,聯結車,12,270.6
2024-02-27 15:35,虎尾-斗南,南下,小客車,151,
2024-02-27 15:35,虎尾-斗南,南下,小貨車,69,
2024-02-27 15:35,虎尾-斗南,南下,大客車,5,
2024-02-27 15:35,虎尾-斗南,南下,大貨車,40,
2024-02-27 15:35,虎尾-斗南,南下,聯結車,34,330.6
2024-02-27 15:35,雲林系統-斗南,北上,小客車,169,
2024-02-27 15:35,雲林系統-斗南,北上,小貨車,58,
2024-02-27 15:35,雲林系統-斗南,北上,大客車,5,
2024-02-27 15:35,雲林系統-斗南,北上,大貨車,41,
2024-02-27 15:35,雲林系統-斗南,北上,聯結車,24,325.0
2024-02-27 15:35,斗南-雲林系統,南下,小客車,140,
2024-02-27 15:35,斗南-雲林系統,南下,小貨車,69,
2024-02-27 15:35,斗南-雲林系統,南下,大客車,6,
2024-02-27 15:35,斗南-雲林系統,南下,大貨車,38,
2024-02-27 15:35,斗南-雲林系統,南下,聯結車,29,311.2
2024-02-27 15:35,大林-雲林系統,北上,小客車,153,
2024-02-27 15:35,大林-雲林系統,北上,小貨車,61,
2024-02-27 15:35,大林-雲林系統,北上,大客車,4,
2024-02-27 15:35,大林-雲林系統,北上,大貨車,21,
2024-02-27 15:35,大林-雲林系統,北上,聯結車,22,279.8
2024-02-27 15:35,雲林系統-大林,南下,小客車,150,
2024-02-27 15:35,雲林系統-大林,南下,小貨車,58,
2024-02-27 15:35,雲林系統-大林,南下,大客車,3,
2024-02-27 15:35,雲林系統-大林,南下,大貨車,34,
2024-02-27 15:35,雲林系統-大林,南下,聯結車,20,287.8
2024-02-27 15:35,民雄-大林,北上,小客車,142,
2024-02-27 15:35,民雄-大林,北上,小貨車,70,
2024-02-27 15:35,民雄-大林,北上,大客車,6,
2024-02-27 15:35,民雄-大林,北上,大貨車,26,
2024-02-27 15:35,民雄-大林,北上,聯結車,22,287.6
2024-02-27 15:35,大林-民雄,南下,小客車,163,
2024-02-27 15:35,大林-民雄,南下,小貨車,63,
2024-02-27 15:35,大林-民雄,南下,大客車,2,
2024-02-27 15:35,大林-民雄,南下,大貨車,30,
2024-02-27 15:35,大林-民雄,南下,聯結車,19,297.4
2024-02-27 15:35,嘉義-民雄,北上,小客車,162,
2024-02-27 15:35,嘉義-民雄,北上,小貨車,60,
2024-02-27 15:35,嘉義-民雄,北上,大客車,2,
2024-02-27 15:35,嘉義-民雄,北上,大貨車,29,
2024-02-27 15:35,嘉義-民雄,北上,聯結車,20,293.4
2024-02-27 15:35,民雄-嘉義,南下,小客車,133,
2024-02-27 15:35,民雄-嘉義,南下,小貨車,59,
2024-02-27 15:35,民雄-嘉義,南下,大客車,2,
2024-02-27 15:35,民雄-嘉義,南下,大貨車,38,
2024-02-27 15:35,民雄-嘉義,南下,聯結車,28,287.2
2024-02-27 15:35,水上-嘉義,北上,小客車,138,
2024-02-27 15:35,水上-嘉義,北上,小貨車,56,
2024-02-27 15:35,水上-嘉義,北上,大客車,4,
2024-02-27 15:35,水上-嘉義,北上,大貨車,23,
2024-02-27 15:35,水上-嘉義,北上,聯結車,22,262.6
2024-02-27 15:35,嘉義-水上,南下,小客車,117,
2024-02-27 15:35,嘉義-水上,南下,小貨車,60,
2024-02-27 15:35,嘉義-水上,南下,大客車,8,
2024-02-27 15:35,嘉義-水上,南下,大貨車,24,
2024-02-27 15:35,嘉義-水上,南下,聯結車,24,255.39999999999998
2024-02-27 15:35,嘉義系統-水上,北上,小客車,163,
2024-02-27 15:35,嘉義系統-水上,北上,小貨車,54,
2024-02-27 15:35,嘉義系統-水上,北上,大客車,2,
2024-02-27 15:35,嘉義系統-水上,北上,大貨車,26,
2024-02-27 15:35,嘉義系統-水上,北上,聯結車,22,287.0
2024-02-27 15:35,水上-嘉義系統,南下,小客車,107,
2024-02-27 15:35,水上-嘉義系統,南下,小貨車,59,
2024-02-27 15:35,水上-嘉義系統,南下,大客車,6,
2024-02-27 15:35,水上-嘉義系統,南下,大貨車,21,
2024-02-27 15:35,水上-嘉義系統,南下,聯結車,22,234.6
2024-02-27 15:35,新營服務區-嘉義系統,北上,小客車,116,
2024-02-27 15:35,新營服務區-嘉義系統,北上,小貨車,60,
2024-02-27 15:35,新營服務區-嘉義系統,北上,大客車,3,
2024-02-27 15:35,新營服務區-嘉義系統,北上,大貨車,30,
2024-02-27 15:35,新營服務區-嘉義系統,北上,聯結車,20,250.2
2024-02-27 15:35,嘉義系統-新營服務區,南下,小客車,176,
2024-02-27 15:35,嘉義系統-新營服務區,南下,小貨車,58,
2024-02-27 15:35,嘉義系統-新營服務區,南下,大客車,5,
2024-02-27 15:35,嘉義系統-新營服務區,南下,大貨車,33,
2024-02-27 15:35,嘉義系統-新營服務區,南下,聯結車,30,329.2
2024-02-27 15:35,新營-新營服務區,北上,小客車,132,
2024-02-27 15:35,新營-新營服務區,北上,小貨車,72,
2024-02-27 15:35,新營-新營服務區,北上,大客車,7,
2024-02-27 15:35,新營-新營服務區,北上,大貨車,29,
2024-02-27 15:35,新營-新營服務區,北上,聯結車,20,282.4
2024-02-27 15:35,新營服務區-新營,南下,小客車,142,
2024-02-27 15:35,新營服務區-新營,南下,小貨車,58,
2024-02-27 15:35,新營服務區-新營,南下,大客車,1,
2024-02-27 15:35,新營服務區-新營,南下,大貨車,32,
2024-02-27 15:35,新營服務區-新營,南下,聯結車,28,285.4
2024-02-27 15:35,下營系統-新營,北上,小客車,163,
2024-02-27 15:35,下營系統-新營,北上,小貨車,64,
2024-02-27 15:35,下營系統-新營,北上,大客車,9,
2024-02-27 15:35,下營系統-新營,北上,大貨車,29,
2024-02-27 15:35,下營系統-新營,北上,聯結車,21,309.6
2024-02-27 15:35,新營-下營系統,南下,小客車,146,
2024-02-27 15:35,新營-下營系統,南下,小貨車,81,
2024-02-27 15:35,新營-下營系統,南下,大客車,5,
2024-02-27 15:35,新營-下營系統,南下,大貨車,29,
2024-02-27 15:35,新營-下營系統,南下,聯結車,22,305.4
2024-02-27 15:35,麻豆-下營系統,北上,小客車,157,
2024-02-27 15:35,麻豆-下營系統,北上,小貨車,80,
2024-02-27 15:35,麻豆-下營系統,北上,大客車,2,
2024-02-27 15:35,麻豆-下營系統,北上,大貨車,26,
2024-02-27 15:35,麻豆-下營系統,北上,聯結車,25,311.2
2024-02-27 15:35,下營系統-麻豆,南下,小客車,147,
2024-02-27 15:35,下營系統-麻豆,南下,小貨車,67,
2024-02-27 15:35,下營系統-麻豆,南下,大客車,14,
2024-02-27 15:35,下營系統-麻豆,南下,大貨車,32,
2024-02-27 15:35,下營系統-麻豆,南下,聯結車,29,319.0
2024-02-27 15:35,安定-麻豆,北上,小客車,174,
2024-02-27 15:35,安定-麻豆,北上,小貨車,81,
2024-02-27 15:35,安定-麻豆,北上,大客車,3,
2024-02-27 15:35,安定-麻豆,北上,大貨車,28,
2024-02-27 15:35,安定-麻豆,北上,聯結車,25,333.4
2024-02-27 15:35,麻豆-安定,南下,小客車,219,
2024-02-27 15:35,麻豆-安定,南下,小貨車,92,
2024-02-27 15:35,麻豆-安定,南下,大客車,5,
2024-02-27 15:35,麻豆-安定,南下,大貨車,29,
2024-02-27 15:35,麻豆-安定,南下,聯結車,38,411.8
2024-02-27 15:35,台南系統-安定,北上,小客車,149,
2024-02-27 15:35,台南系統-安定,北上,小貨車,70,
2024-02-27 15:35,台南系統-安定,北上,大客車,7,
2024-02-27 15:35,台南系統-安定,北上,大貨車,23,
2024-02-27 15:35,台南系統-安定,北上,聯結車,26,297.4
2024-02-27 15:35,安定-台南系統,南下,小客車,189,
2024-02-27 15:35,安定-台南系統,南下,小貨車,92,
2024-02-27 15:35,安定-台南系統,南下,大客車,3,
2024-02-27 15:35,安定-台南系統,南下,大貨車,27,
2024-02-27 15:35,安定-台南系統,南下,聯結車,26,359.4
2024-02-27 15:35,永康-台南系統,北上,小客車,195,
2024-02-27 15:35,永康-台南系統,北上,小貨車,101,
2024-02-27 15:35,永康-台南系統,北上,大客車,8,
2024-02-27 15:35,永康-台南系統,北上,大貨車,25,
2024-02-27 15:35,永康-台南系統,北上,聯結車,24,375.8
2024-02-27 15:35,台南系統-永康,南下,小客車,265,
2024-02-27 15:35,台南系統-永康,南下,小貨車,123,
2024-02-27 15:35,台南系統-永康,南下,大客車,6,
2024-02-27 15:35,台南系統-永康,南下,大貨車,25,
2024-02-27 15:35,台南系統-永康,南下,聯結車,31,474.8
2024-02-27 15:35,大灣-永康,北上,小客車,186,
2024-02-27 15:35,大灣-永康,北上,小貨車,87,
2024-02-27 15:35,大灣-永康,北上,大客車,11,
2024-02-27 15:35,大灣-永康,北上,大貨車,19,
2024-02-27 15:35,大灣-永康,北上,聯結車,27,352.8
2024-02-27 15:35,永康-大灣,南下,小客車,252,
2024-02-27 15:35,永康-大灣,南下,小貨車,117,
2024-02-27 15:35,永康-大灣,南下,大客車,0,
2024-02-27 15:35,永康-大灣,南下,大貨車,37,
2024-02-27 15:35,永康-大灣,南下,聯結車,36,471.2
2024-02-27 15:35,仁德-大灣,北上,小客車,165,
2024-02-27 15:35,仁德-大灣,北上,小貨車,67,
2024-02-27 15:35,仁德-大灣,北上,大客車,8,
2024-02-27 15:35,仁德-大灣,北上,大貨車,22,
2024-02-27 15:35,仁德-大灣,北上,聯結車,36,324.4
2024-02-27 15:35,大灣-仁德,南下,小客車,179,
2024-02-27 15:35,大灣-仁德,南下,小貨車,98,
2024-02-27 15:35,大灣-仁德,南下,大客車,3,
2024-02-27 15:35,大灣-仁德,南下,大貨車,32,
2024-02-27 15:35,大灣-仁德,南下,聯結車,36,376.4
2024-02-27 15:35,仁德系統-仁德,北上,小客車,224,
2024-02-27 15:35,仁德系統-仁德,北上,小貨車,106,
2024-02-27 15:35,仁德系統-仁德,北上,大客車,5,
2024-02-27 15:35,仁德系統-仁德,北上,大貨車,36,
2024-02-27 15:35,仁德系統-仁德,北上,聯結車,39,442.0
2024-02-27 15:35,仁德-仁德系統,南下,小客車,199,
2024-02-27 15:35,仁德-仁德系統,南下,小貨車,93,
2024-02-27 15:35,仁德-仁德系統,南下,大客車,3,
2024-02-27 15:35,仁德-仁德系統,南下,大貨車,24,
2024-02-27 15:35,仁德-仁德系統,南下,聯結車,42,388.6
2024-02-27 15:35,路竹-仁德系統,北上,小客車,183,
2024-02-27 15:35,路竹-仁德系統,北上,小貨車,92,
2024-02-27 15:35,路竹-仁德系統,北上,大客車,4,
2024-02-27 15:35,路竹-仁德系統,北上,大貨車,36,
2024-02-27 15:35,路竹-仁德系統,北上,聯結車,35,380.0
2024-02-27 15:35,仁德系統-路竹,南下,小客車,207,
2024-02-27 15:35,仁德系統-路竹,南下,小貨車,98,
2024-02-27 15:35,仁德系統-路竹,南下,大客車,3,
2024-02-27 15:35,仁德系統-路竹,南下,大貨車,25,
2024-02-27 15:35,仁德系統-路竹,南下,聯結車,48,411.4
2024-02-27 15:35,高科-路竹,北上,小客車,173,
2024-02-27 15:35,高科-路竹,北上,小貨車,81,
2024-02-27 15:35,高科-路竹,北上,大客車,2,
2024-02-27 15:35,高科-路竹,北上,大貨車,28,
2024-02-27 15:35,高科-路竹,北上,聯結車,32,340.8
2024-02-27 15:35,路竹-高科,南下,小客車,225,
2024-02-27 15:35,路竹-高科,南下,小貨車,92,
2024-02-27 15:35,路竹-高科,南下,大客車,4,
2024-02-27 15:35,路竹-高科,南下,大貨車,30,
2024-02-27 15:35,路竹-高科,南下,聯結車,53,438.8
2024-02-27 15:35,岡山-高科,北上,小客車,209,
2024-02-27 15:35,岡山-高科,北上,小貨車,80,
2024-02-27 15:35,岡山-高科,北上,大客車,1,
2024-02-27 15:35,岡山-高科,北上,大貨車,22,
2024-02-27 15:35,岡山-高科,北上,聯結車,28,360.4
2024-02-27 15:35,高科-岡山,南下,小客車,206,
2024-02-27 15:35,高科-岡山,南下,小貨車,105,
2024-02-27 15:35,高科-岡山,南下,大客車,10,
2024-02-27 15:35,高科-岡山,南下,大貨車,26,
2024-02-27 15:35,高科-岡山,南下,聯結車,49,430.0
2024-02-27 15:35,01F3535N,北上,小客車,253,
2024-02-27 15:35,01F3535N,北上,小貨車,97,
2024-02-27 15:35,01F3535N,北上,大客車,5,
2024-02-27 15:35,01F3535N,北上,大貨車,30,
2024-02-27 15:35,01F3535N,北上,聯結車,44,460.6
2024-02-27 15:35,01F3535S,南下,小客車,227,
2024-02-27 15:35,01F3535S,南下,小貨車,115,
2024-02-27 15:35,01F3535S,南下,大客車,11,
2024-02-27 15:35,01F3535S,南下,大貨車,37,
2024-02-27 15:35,01F3535S,南下,聯結車,57,489.0
2024-02-27 15:35,楠梓(南)-楠梓(北),北上,小客車,212,
2024-02-27 15:35,楠梓(南)-楠梓(北),北上,小貨車,71,
2024-02-27 15:35,楠梓(南)-楠梓(北),北上,大客車,3,
2024-02-27 15:35,楠梓(南)-楠梓(北),北上,大貨車,15,
2024-02-27 15:35,楠梓(南)-楠梓(北),北上,聯結車,38,361.4
2024-02-27 15:35,楠梓(北)-楠梓(南),南下,小客車,164,
2024-02-27 15:35,楠梓(北)-楠梓(南),南下,小貨車,82,
2024-02-27 15:35,楠梓(北)-楠梓(南),南下,大客車,8,
2024-02-27 15:35,楠梓(北)-楠梓(南),南下,大貨車,21,
2024-02-27 15:35,楠梓(北)-楠梓(南),南下,聯結車,46,351.0
2024-02-27 15:35,鼎金系統-楠梓(南),北上,小客車,256,
2024-02-27 15:35,鼎金系統-楠梓(南),北上,小貨車,120,
2024-02-27 15:35,鼎金系統-楠梓(南),北上,大客車,4,
2024-02-27 15:35,鼎金系統-楠梓(南),北上,大貨車,27,
2024-02-27 15:35,鼎金系統-楠梓(南),北上,聯結車,43,479.6
2024-02-27 15:35,楠梓(南)-鼎金系統,南下,小客車,219,
2024-02-27 15:35,楠梓(南)-鼎金系統,南下,小貨車,122,
2024-02-27 15:35,楠梓(南)-鼎金系統,南下,大客車,12,
2024-02-27 15:35,楠梓(南)-鼎金系統,南下,大貨車,23,
2024-02-27 15:35,楠梓(南)-鼎金系統,南下,聯結車,57,469.79999999999995
2024-02-27 15:35,高雄(北)-鼎金系統,北上,小客車,362,
2024-02-27 15:35,高雄(北)-鼎金系統,北上,小貨車,142,
2024-02-27 15:35,高雄(北)-鼎金系統,北上,大客車,3,
2024-02-27 15:35,高雄(北)-鼎金系統,北上,大貨車,43,
2024-02-27 15:35,高雄(北)-鼎金系統,北上,聯結車,56,646.8
2024-02-27 15:35,鼎金系統-高雄(北),南下,小客車,344,
2024-02-27 15:35,鼎金系統-高雄(北),南下,小貨車,166,
2024-02-27 15:35,鼎金系統-高雄(北),南下,大客車,8,
2024-02-27 15:35,鼎金系統-高雄(北),南下,大貨車,31,
2024-02-27 15:35,鼎金系統-高雄(北),南下,聯結車,81,678.0
2024-02-27 15:35,高雄(南)-高雄(北),北上,小客車,179,
2024-02-27 15:35,高雄(南)-高雄(北),北上,小貨車,83,
2024-02-27 15:35,高雄(南)-高雄(北),北上,大客車,1,
2024-02-27 15:35,高雄(南)-高雄(北),北上,大貨車,30,
2024-02-27 15:35,高雄(南)-高雄(北),北上,聯結車,52,378.2
2024-02-27 15:35,高雄(北)-高雄(南),南下,小客車,152,
2024-02-27 15:35,高雄(北)-高雄(南),南下,小貨車,79,
2024-02-27 15:35,高雄(北)-高雄(南),南下,大客車,5,
2024-02-27 15:35,高雄(北)-高雄(南),南下,大貨車,28,
2024-02-27 15:35,高雄(北)-高雄(南),南下,聯結車,66,369.6
2024-02-27 15:35,高雄(南)-瑞隆路南下出口匝道,南下,小客車,246,
2024-02-27 15:35,高雄(南)-瑞隆路南下出口匝道,南下,小貨車,121,
2024-02-27 15:35,高雄(南)-瑞隆路南下出口匝道,南下,大客車,7,
2024-02-27 15:35,高雄(南)-瑞隆路南下出口匝道,南下,大貨車,36,
2024-02-27 15:35,高雄(南)-瑞隆路南下出口匝道,南下,聯結車,66,519.6
2024-02-27 15:35,五甲系統-高雄(南),北上,小客車,265,
2024-02-27 15:35,五甲系統-高雄(南),北上,小貨車,131,
2024-02-27 15:35,五甲系統-高雄(南),北上,大客車,4,
2024-02-27 15:35,五甲系統-高雄(南),北上,大貨車,31,
2024-02-27 15:35,五甲系統-高雄(南),北上,聯結車,40,501.0
2024-02-27 15:35,高雄端(南)-高雄端(北),北上,小客車,14,
2024-02-27 15:35,高雄端(南)-高雄端(北),北上,小貨車,12,
2024-02-27 15:35,高雄端(南)-高雄端(北),北上,大客車,0,
2024-02-27 15:35,高雄端(南)-高雄端(北),北上,大貨車,9,
2024-02-27 15:35,高雄端(南)-高雄端(北),北上,聯結車,24,72.19999999999999
2024-02-27 15:35,高雄端(北)-高雄端(南),南下,小客車,17,
2024-02-27 15:35,高雄端(北)-高雄端(南),南下,小貨車,6,
2024-02-27 15:35,高雄端(北)-高雄端(南),南下,大客車,0,
2024-02-27 15:35,高雄端(北)-高雄端(南),南下,大貨車,4,
2024-02-27 15:35,高雄端(北)-高雄端(南),南下,聯結車,33,74.8
2024-02-27 15:35,汐止&汐止系統-堤頂,南下,小客車,103,
2024-02-27 15:35,汐止&汐止系統-堤頂,南下,小貨車,64,
2024-02-27 15:35,汐止&汐止系統-堤頂,南下,大客車,1,
2024-02-27 15:35,汐止&汐止系統-堤頂,南下,大貨車,3,
2024-02-27 15:35,汐止&汐止系統-堤頂,南下,聯結車,1,174.0
2024-02-27 15:35,堤頂-汐止&汐止系統,北上,小客車,129,
2024-02-27 15:35,堤頂-汐止&汐止系統,北上,小貨車,57,
2024-02-27 15:35,堤頂-汐止&汐止系統,北上,大客車,2,
2024-02-27 15:35,堤頂-汐止&汐止系統,北上,大貨車,1,
2024-02-27 15:35,堤頂-汐止&汐止系統,北上,聯結車,0,190.2
2024-02-27 15:35,下塔悠北上出口匝道-堤頂,北上,小客車,141,
2024-02-27 15:35,下塔悠北上出口匝道-堤頂,北上,小貨車,62,
2024-02-27 15:35,下塔悠北上出口匝道-堤頂,北上,大客車,1,
2024-02-27 15:35,下塔悠北上出口匝道-堤頂,北上,大貨車,2,
2024-02-27 15:35,下塔悠北上出口匝道-堤頂,北上,聯結車,0,207.2
2024-02-27 15:35,堤頂-環北,南下,小客車,173,
2024-02-27 15:35,堤頂-環北,南下,小貨車,80,
2024-02-27 15:35,堤頂-環北,南下,大客車,0,
2024-02-27 15:35,堤頂-環北,南下,大貨車,1,
2024-02-27 15:35,堤頂-環北,南下,聯結車,0,254.4
2024-02-27 15:35,環北-下塔悠北上出口匝道,北上,小客車,164,
2024-02-27 15:35,環北-下塔悠北上出口匝道,北上,小貨車,70,
2024-02-27 15:35,環北-下塔悠北上出口匝道,北上,大客車,7,
2024-02-27 15:35,環北-下塔悠北上出口匝道,北上,大貨車,1,
2024-02-27 15:35,環北-下塔悠北上出口匝道,北上,聯結車,0,245.2
2024-02-27 15:35,五股轉接道-環北,北上,小客車,252,
2024-02-27 15:35,五股轉接道-環北,北上,小貨車,96,
2024-02-27 15:35,五股轉接道-環北,北上,大客車,9,
2024-02-27 15:35,五股轉接道-環北,北上,大貨車,3,
2024-02-27 15:35,五股轉接道-環北,北上,聯結車,0,364.8
2024-02-27 15:35,環北-五股轉接道,南下,小客車,247,
2024-02-27 15:35,環北-五股轉接道,南下,小貨車,114,
2024-02-27 15:35,環北-五股轉接道,南下,大客車,3,
2024-02-27 15:35,環北-五股轉接道,南下,大貨車,2,
2024-02-27 15:35,環北-五股轉接道,南下,聯結車,0,368.0
2024-02-27 15:35,泰山轉接道-五股轉接道,北上,小客車,95,
2024-02-27 15:35,泰山轉接道-五股轉接道,北上,小貨車,29,
2024-02-27 15:35,泰山轉接道-五股轉接道,北上,大客車,0,
2024-02-27 15:35,泰山轉接道-五股轉接道,北上,大貨車,1,
2024-02-27 15:35,泰山轉接道-五股轉接道,北上,聯結車,0,125.4
2024-02-27 15:35,五股轉接道-泰山轉接道,南下,小客車,73,
2024-02-27 15:35,五股轉接道-泰山轉接道,南下,小貨車,21,
2024-02-27 15:35,五股轉接道-泰山轉接道,南下,大客車,1,
2024-02-27 15:35,五股轉接道-泰山轉接道,南下,大貨車,1,
2024-02-27 15:35,五股轉接道-泰山轉接道,南下,聯結車,1,98.2
2024-02-27 15:35,機場系統-泰山轉接道,北上,小客車,191,
2024-02-27 15:35,機場系統-泰山轉接道,北上,小貨車,73,
2024-02-27 15:35,機場系統-泰山轉接道,北上,大客車,1,
2024-02-27 15:35,機場系統-泰山轉接道,北上,大貨車,2,
2024-02-27 15:35,機場系統-泰山轉接道,北上,聯結車,0,268.2
2024-02-27 15:35,泰山轉接道-機場系統,南下,小客車,191,
2024-02-27 15:35,泰山轉接道-機場系統,南下,小貨車,79,
2024-02-27 15:35,泰山轉接道-機場系統,南下,大客車,8,
2024-02-27 15:35,泰山轉接道-機場系統,南下,大貨車,3,
2024-02-27 15:35,泰山轉接道-機場系統,南下,聯結車,0,285.4
2024-02-27 15:35,中壢轉接道-機場系統,北上,小客車,155,
2024-02-27 15:35,中壢轉接道-機場系統,北上,小貨車,72,
2024-02-27 15:35,中壢轉接道-機場系統,北上,大客車,5,
2024-02-27 15:35,中壢轉接道-機場系統,北上,大貨車,1,
2024-02-27 15:35,中壢轉接道-機場系統,北上,聯結車,0,235.4
2024-02-27 15:35,機場系統-中壢轉接道,南下,小客車,138,
2024-02-27 15:35,機場系統-中壢轉接道,南下,小貨車,44,
2024-02-27 15:35,機場系統-中壢轉接道,南下,大客車,5,
2024-02-27 15:35,機場系統-中壢轉接道,南下,大貨車,2,
2024-02-27 15:35,機場系統-中壢轉接道,南下,聯結車,0,191.8
2024-02-27 15:35,楊梅端-中壢轉接道,北上,小客車,150,
2024-02-27 15:35,楊梅端-中壢轉接道,北上,小貨車,54,
2024-02-27 15:35,楊梅端-中壢轉接道,北上,大客車,4,
2024-02-27 15:35,楊梅端-中壢轉接道,北上,大貨車,0,
2024-02-27 15:35,楊梅端-中壢轉接道,北上,聯結車,0,209.6
2024-02-27 15:35,中壢轉接道-楊梅端,南下,小客車,117,
2024-02-27 15:35,中壢轉接道-楊梅端,南下,小貨車,43,
2024-02-27 15:35,中壢轉接道-楊梅端,南下,大客車,6,
2024-02-27 15:35,中壢轉接道-楊梅端,南下,大貨車,3,
2024-02-27 15:35,中壢轉接道-楊梅端,南下,聯結車,0,172.6
2024-02-27 15:35,萬芳-台北端,W,小客車,71,
2024-02-27 15:35,萬芳-台北端,W,小貨車,31,
2024-02-27 15:35,萬芳-台北端,W,大客車,1,
2024-02-27 15:35,萬芳-台北端,W,大貨車,2,
2024-02-27 15:35,萬芳-台北端,W,聯結車,0,106.2
2024-02-27 15:35,台北端-萬芳,E,小客車,96,
2024-02-27 15:35,台北端-萬芳,E,小貨車,32,
2024-02-27 15:35,台北端-萬芳,E,大客車,3,
2024-02-27 15:35,台北端-萬芳,E,大貨車,1,
2024-02-27 15:35,台北端-萬芳,E,聯結車,0,133.6
2024-02-27 15:35,木柵-萬芳,W,小客車,102,
2024-02-27 15:35,木柵-萬芳,W,小貨車,32,
2024-02-27 15:35,木柵-萬芳,W,大客車,4,
2024-02-27 15:35,木柵-萬芳,W,大貨車,0,
2024-02-27 15:35,木柵-萬芳,W,聯結車,1,141.0
2024-02-27 15:35,萬芳-木柵,E,小客車,103,
2024-02-27 15:35,萬芳-木柵,E,小貨車,42,
2024-02-27 15:35,萬芳-木柵,E,大客車,3,
2024-02-27 15:35,萬芳-木柵,E,大貨車,5,
2024-02-27 15:35,萬芳-木柵,E,聯結車,1,157.6
2024-02-27 15:35,基金-瑪東系統,南下,小客車,43,
2024-02-27 15:35,基金-瑪東系統,南下,小貨車,14,
2024-02-27 15:35,基金-瑪東系統,南下,大客車,0,
2024-02-27 15:35,基金-瑪東系統,南下,大貨車,3,
2024-02-27 15:35,基金-瑪東系統,南下,聯結車,30,103.19999999999999
2024-02-27 15:35,瑪東系統-基金,北上,小客車,63,
2024-02-27 15:35,瑪東系統-基金,北上,小貨車,27,
2024-02-27 15:35,瑪東系統-基金,北上,大客車,2,
2024-02-27 15:35,瑪東系統-基金,北上,大貨車,3,
2024-02-27 15:35,瑪東系統-基金,北上,聯結車,20,125.0
2024-02-27 15:35,汐止系統-瑪東系統,北上,小客車,56,
2024-02-27 15:35,汐止系統-瑪東系統,北上,小貨車,20,
2024-02-27 15:35,汐止系統-瑪東系統,北上,大客車,3,
2024-02-27 15:35,汐止系統-瑪東系統,北上,大貨車,5,
2024-02-27 15:35,汐止系統-瑪東系統,北上,聯結車,12,104.0
2024-02-27 15:35,瑪東系統-汐止系統,南下,小客車,54,
2024-02-27 15:35,瑪東系統-汐止系統,南下,小貨車,24,
2024-02-27 15:35,瑪東系統-汐止系統,南下,大客車,1,
2024-02-27 15:35,瑪東系統-汐止系統,南下,大貨車,2,
2024-02-27 15:35,瑪東系統-汐止系統,南下,聯結車,9,94.8
2024-02-27 15:35,新台五路-汐止系統,北上,小客車,124,
2024-02-27 15:35,新台五路-汐止系統,北上,小貨車,60,
2024-02-27 15:35,新台五路-汐止系統,北上,大客車,1,
2024-02-27 15:35,新台五路-汐止系統,北上,大貨車,4,
2024-02-27 15:35,新台五路-汐止系統,北上,聯結車,9,203.6
2024-02-27 15:35,汐止系統-新台五路,南下,小客車,128,
2024-02-27 15:35,汐止系統-新台五路,南下,小貨車,60,
2024-02-27 15:35,汐止系統-新台五路,南下,大客車,2,
2024-02-27 15:35,汐止系統-新台五路,南下,大貨車,9,
2024-02-27 15:35,汐止系統-新台五路,南下,聯結車,11,218.8
2024-02-27 15:35,新台五路-南港,南下,小客車,157,
2024-02-27 15:35,新台五路-南港,南下,小貨車,66,
2024-02-27 15:35,新台五路-南港,南下,大客車,2,
2024-02-27 15:35,新台五路-南港,南下,大貨車,3,
2024-02-27 15:35,新台五路-南港,南下,聯結車,8,241.2
2024-02-27 15:35,南港-新台五路,北上,小客車,156,
2024-02-27 15:35,南港-新台五路,北上,小貨車,75,
2024-02-27 15:35,南港-新台五路,北上,大客車,0,
2024-02-27 15:35,南港-新台五路,北上,大貨車,14,
2024-02-27 15:35,南港-新台五路,北上,聯結車,9,263.2
2024-02-27 15:35,南港系統&南深路北上出口匝道-南港,北上,小客車,193,
2024-02-27 15:35,南港系統&南深路北上出口匝道-南港,北上,小貨車,84,
2024-02-27 15:35,南港系統&南深路北上出口匝道-南港,北上,大客車,5,
2024-02-27 15:35,南港系統&南深路北上出口匝道-南港,北上,大貨車,8,
2024-02-27 15:35,南港系統&南深路北上出口匝道-南港,北上,聯結車,9,307.8
2024-02-27 15:35,南港-南港系統,南下,小客車,230,
2024-02-27 15:35,南港-南港系統,南下,小貨車,89,
2024-02-27 15:35,南港-南港系統,南下,大客車,0,
2024-02-27 15:35,南港-南港系統,南下,大貨車,7,
2024-02-27 15:35,南港-南港系統,南下,聯結車,9,341.4
2024-02-27 15:35,木柵-南港系統&南深路北上出口匝道,北上,小客車,160,
2024-02-27 15:35,木柵-南港系統&南深路北上出口匝道,北上,小貨車,80,
2024-02-27 15:35,木柵-南港系統&南深路北上出口匝道,北上,大客車,3,
2024-02-27 15:35,木柵-南港系統&南深路北上出口匝道,北上,大貨車,9,
2024-02-27 15:35,木柵-南港系統&南深路北上出口匝道,北上,聯結車,6,265.2
2024-02-27 15:35,南港系統-木柵,南下,小客車,216,
2024-02-27 15:35,南港系統-木柵,南下,小貨車,101,
2024-02-27 15:35,南港系統-木柵,南下,大客車,7,
2024-02-27 15:35,南港系統-木柵,南下,大貨車,10,
2024-02-27 15:35,南港系統-木柵,南下,聯結車,11,356.2
2024-02-27 15:35,新店-木柵,北上,小客車,166,
2024-02-27 15:35,新店-木柵,北上,小貨車,75,
2024-02-27 15:35,新店-木柵,北上,大客車,1,
2024-02-27 15:35,新店-木柵,北上,大貨車,11,
2024-02-27 15:35,新店-木柵,北上,聯結車,6,266.2
2024-02-27 15:35,木柵-新店,南下,小客車,199,
2024-02-27 15:35,木柵-新店,南下,小貨車,90,
2024-02-27 15:35,木柵-新店,南下,大客車,3,
2024-02-27 15:35,木柵-新店,南下,大貨車,10,
2024-02-27 15:35,木柵-新店,南下,聯結車,10,321.2
2024-02-27 15:35,安坑-新店,北上,小客車,140,
2024-02-27 15:35,安坑-新店,北上,小貨車,88,
2024-02-27 15:35,安坑-新店,北上,大客車,2,
2024-02-27 15:35,安坑-新店,北上,大貨車,9,
2024-02-27 15:35,安坑-新店,北上,聯結車,16,265.8
2024-02-27 15:35,新店-安坑,南下,小客車,209,
2024-02-27 15:35,新店-安坑,南下,小貨車,77,
2024-02-27 15:35,新店-安坑,南下,大客車,0,
2024-02-27 15:35,新店-安坑,南下,大貨車,11,
2024-02-27 15:35,新店-安坑,南下,聯結車,10,315.4
2024-02-27 15:35,安坑-中和,南下,小客車,259,
2024-02-27 15:35,安坑-中和,南下,小貨車,118,
2024-02-27 15:35,安坑-中和,南下,大客車,4,
2024-02-27 15:35,安坑-中和,南下,大貨車,15,
2024-02-27 15:35,安坑-中和,南下,聯結車,13,421.8
2024-02-27 15:35,中和-安坑,北上,小客車,225,
2024-02-27 15:35,中和-安坑,北上,小貨車,114,
2024-02-27 15:35,中和-安坑,北上,大客車,8,
2024-02-27 15:35,中和-安坑,北上,大貨車,16,
2024-02-27 15:35,中和-安坑,北上,聯結車,16,395.0
2024-02-27 15:35,土城-中和,北上,小客車,301,
2024-02-27 15:35,土城-中和,北上,小貨車,118,
2024-02-27 15:35,土城-中和,北上,大客車,4,
2024-02-27 15:35,土城-中和,北上,大貨車,18,
2024-02-27 15:35,土城-中和,北上,聯結車,12,466.6
2024-02-27 15:35,中和-土城,南下,小客車,270,
2024-02-27 15:35,中和-土城,南下,小貨車,141,
2024-02-27 15:35,中和-土城,南下,大客車,3,
2024-02-27 15:35,中和-土城,南下,大貨車,19,
2024-02-27 15:35,中和-土城,南下,聯結車,8,453.0
2024-02-27 15:35,樹林-土城,北上,小客車,353,
2024-02-27 15:35,樹林-土城,北上,小貨車,137,
2024-02-27 15:35,樹林-土城,北上,大客車,8,
2024-02-27 15:35,樹林-土城,北上,大貨車,24,
2024-02-27 15:35,樹林-土城,北上,聯結車,17,558.6
2024-02-27 15:35,土城-樹林,南下,小客車,354,
2024-02-27 15:35,土城-樹林,南下,小貨車,153,
2024-02-27 15:35,土城-樹林,南下,大客車,5,
2024-02-27 15:35,土城-樹林,南下,大貨車,15,
2024-02-27 15:35,土城-樹林,南下,聯結車,13,553.2
2024-02-27 15:35,三鶯-樹林,北上,小客車,294,
2024-02-27 15:35,三鶯-樹林,北上,小貨車,149,
2024-02-27 15:35,三鶯-樹林,北上,大客車,11,
2024-02-27 15:35,三鶯-樹林,北上,大貨車,23,
2024-02-27 15:35,三鶯-樹林,北上,聯結車,7,500.4
2024-02-27 15:35,樹林-三鶯,南下,小客車,292,
2024-02-27 15:35,樹林-三鶯,南下,小貨車,123,
2024-02-27 15:35,樹林-三鶯,南下,大客車,7,
2024-02-27 15:35,樹林-三鶯,南下,大貨車,26,
2024-02-27 15:35,樹林-三鶯,南下,聯結車,8,472.4
2024-02-27 15:35,鶯歌系統-三鶯,北上,小客車,307,
2024-02-27 15:35,鶯歌系統-三鶯,北上,小貨車,169,
2024-02-27 15:35,鶯歌系統-三鶯,北上,大客車,10,
2024-02-27 15:35,鶯歌系統-三鶯,北上,大貨車,32,
2024-02-27 15:35,鶯歌系統-三鶯,北上,聯結車,10,548.8
2024-02-27 15:35,三鶯-鶯歌系統,南下,小客車,314,
2024-02-27 15:35,三鶯-鶯歌系統,南下,小貨車,137,
2024-02-27 15:35,三鶯-鶯歌系統,南下,大客車,10,
2024-02-27 15:35,三鶯-鶯歌系統,南下,大貨車,25,
2024-02-27 15:35,三鶯-鶯歌系統,南下,聯結車,13,518.2
2024-02-27 15:35,大溪-鶯歌系統,北上,小客車,279,
2024-02-27 15:35,大溪-鶯歌系統,北上,小貨車,123,
2024-02-27 15:35,大溪-鶯歌系統,北上,大客車,17,
2024-02-27 15:35,大溪-鶯歌系統,北上,大貨車,31,
2024-02-27 15:35,大溪-鶯歌系統,北上,聯結車,18,494.4
2024-02-27 15:35,鶯歌系統-大溪,南下,小客車,242,
2024-02-27 15:35,鶯歌系統-大溪,南下,小貨車,94,
2024-02-27 15:35,鶯歌系統-大溪,南下,大客車,1,
2024-02-27 15:35,鶯歌系統-大溪,南下,大貨車,26,
2024-02-27 15:35,鶯歌系統-大溪,南下,聯結車,23,406.0
2024-02-27 15:35,龍潭-大溪,北上,小客車,239,
2024-02-27 15:35,龍潭-大溪,北上,小貨車,95,
2024-02-27 15:35,龍潭-大溪,北上,大客車,19,
2024-02-27 15:35,龍潭-大溪,北上,大貨車,12,
2024-02-27 15:35,龍潭-大溪,北上,聯結車,16,399.8
2024-02-27 15:35,大溪-龍潭,南下,小客車,184,
2024-02-27 15:35,大溪-龍潭,南下,小貨車,78,
2024-02-27 15:35,大溪-龍潭,南下,大客車,1,
2024-02-27 15:35,大溪-龍潭,南下,大貨車,17,
2024-02-27 15:35,大溪-龍潭,南下,聯結車,20,315.2
2024-02-27 15:35,高原-龍潭,北上,小客車,196,
2024-02-27 15:35,高原-龍潭,北上,小貨車,85,
2024-02-27 15:35,高原-龍潭,北上,大客車,13,
2024-02-27 15:35,高原-龍潭,北上,大貨車,12,
2024-02-27 15:35,高原-龍潭,北上,聯結車,15,337.0
2024-02-27 15:35,龍潭-高原,南下,小客車,155,
2024-02-27 15:35,龍潭-高原,南下,小貨車,58,
2024-02-27 15:35,龍潭-高原,南下,大客車,2,
2024-02-27 15:35,龍潭-高原,南下,大貨車,14,
2024-02-27 15:35,龍潭-高原,南下,聯結車,16,257.8
2024-02-27 15:35,關西服務區-高原,北上,小客車,200,
2024-02-27 15:35,關西服務區-高原,北上,小貨車,94,
2024-02-27 15:35,關西服務區-高原,北上,大客車,1,
2024-02-27 15:35,關西服務區-高原,北上,大貨車,13,
2024-02-27 15:35,關西服務區-高原,北上,聯結車,13,331.8
2024-02-27 15:35,高原-關西服務區,南下,小客車,143,
2024-02-27 15:35,高原-關西服務區,南下,小貨車,36,
2024-02-27 15:35,高原-關西服務區,南下,大客車,1,
2024-02-27 15:35,高原-關西服務區,南下,大貨車,14,
2024-02-27 15:35,高原-關西服務區,南下,聯結車,14,219.6
2024-02-27 15:35,關西-關西服務區,北上,小客車,199,
2024-02-27 15:35,關西-關西服務區,北上,小貨車,81,
2024-02-27 15:35,關西-關西服務區,北上,大客車,2,
2024-02-27 15:35,關西-關西服務區,北上,大貨車,16,
2024-02-27 15:35,關西-關西服務區,北上,聯結車,7,315.0
2024-02-27 15:35,關西服務區-關西,南下,小客車,137,
2024-02-27 15:35,關西服務區-關西,南下,小貨車,59,
2024-02-27 15:35,關西服務區-關西,南下,大客車,3,
2024-02-27 15:35,關西服務區-關西,南下,大貨車,18,
2024-02-27 15:35,關西服務區-關西,南下,聯結車,12,242.2
2024-02-27 15:35,竹林-關西,北上,小客車,196,
2024-02-27 15:35,竹林-關西,北上,小貨車,79,
2024-02-27 15:35,竹林-關西,北上,大客車,5,
2024-02-27 15:35,竹林-關西,北上,大貨車,14,
2024-02-27 15:35,竹林-關西,北上,聯結車,6,310.0
2024-02-27 15:35,關西-竹林,南下,小客車,150,
2024-02-27 15:35,關西-竹林,南下,小貨車,59,
2024-02-27 15:35,關西-竹林,南下,大客車,2,
2024-02-27 15:35,關西-竹林,南下,大貨車,19,
2024-02-27 15:35,關西-竹林,南下,聯結車,10,252.4
2024-02-27 15:35,寶山-竹林,北上,小客車,170,
2024-02-27 15:35,寶山-竹林,北上,小貨車,82,
2024-02-27 15:35,寶山-竹林,北上,大客車,7,
2024-02-27 15:35,寶山-竹林,北上,大貨車,19,
2024-02-27 15:35,寶山-竹林,北上,聯結車,11,303.8
2024-02-27 15:35,竹林-寶山,南下,小客車,121,
2024-02-27 15:35,竹林-寶山,南下,小貨車,55,
2024-02-27 15:35,竹林-寶山,南下,大客車,6,
2024-02-27 15:35,竹林-寶山,南下,大貨車,22,
2024-02-27 15:35,竹林-寶山,南下,聯結車,23,247.39999999999998
2024-02-27 15:35,新竹系統-寶山,北上,小客車,173,
2024-02-27 15:35,新竹系統-寶山,北上,小貨車,72,
2024-02-27 15:35,新竹系統-寶山,北上,大客車,5,
2024-02-27 15:35,新竹系統-寶山,北上,大貨車,22,
2024-02-27 15:35,新竹系統-寶山,北上,聯結車,19,309.4
2024-02-27 15:35,寶山-新竹系統,南下,小客車,113,
2024-02-27 15:35,寶山-新竹系統,南下,小貨車,49,
2024-02-27 15:35,寶山-新竹系統,南下,大客車,8,
2024-02-27 15:35,寶山-新竹系統,南下,大貨車,26,
2024-02-27 15:35,寶山-新竹系統,南下,聯結車,17,233.39999999999998
2024-02-27 15:35,茄苳-新竹系統,北上,小客車,218,
2024-02-27 15:35,茄苳-新竹系統,北上,小貨車,69,
2024-02-27 15:35,茄苳-新竹系統,北上,大客車,6,
2024-02-27 15:35,茄苳-新竹系統,北上,大貨車,29,
2024-02-27 15:35,茄苳-新竹系統,北上,聯結車,15,357.0
2024-02-27 15:35,新竹系統-茄苳,南下,小客車,151,
2024-02-27 15:35,新竹系統-茄苳,南下,小貨車,66,
2024-02-27 15:35,新竹系統-茄苳,南下,大客車,5,
2024-02-27 15:35,新竹系統-茄苳,南下,大貨車,29,
2024-02-27 15:35,新竹系統-茄苳,南下,聯結車,27,302.4
2024-02-27 15:35,香山-茄苳,北上,小客車,173,
2024-02-27 15:35,香山-茄苳,北上,小貨車,58,
2024-02-27 15:35,香山-茄苳,北上,大客車,1,
2024-02-27 15:35,香山-茄苳,北上,大貨車,24,
2024-02-27 15:35,香山-茄苳,北上,聯結車,15,287.0
2024-02-27 15:35,茄苳-香山,南下,小客車,121,
2024-02-27 15:35,茄苳-香山,南下,小貨車,63,
2024-02-27 15:35,茄苳-香山,南下,大客車,2,
2024-02-27 15:35,茄苳-香山,南下,大貨車,25,
2024-02-27 15:35,茄苳-香山,南下,聯結車,22,252.6
2024-02-27 15:35,西濱-香山,北上,小客車,161,
2024-02-27 15:35,西濱-香山,北上,小貨車,57,
2024-02-27 15:35,西濱-香山,北上,大客車,5,
2024-02-27 15:35,西濱-香山,北上,大貨車,16,
2024-02-27 15:35,西濱-香山,北上,聯結車,17,271.2
2024-02-27 15:35,香山-西濱,南下,小客車,136,
2024-02-27 15:35,香山-西濱,南下,小貨車,58,
2024-02-27 15:35,香山-西濱,南下,大客車,3,
2024-02-27 15:35,香山-西濱,南下,大貨車,32,
2024-02-27 15:35,香山-西濱,南下,聯結車,12,259.8
2024-02-27 15:35,竹南-西濱,北上,小客車,124,
2024-02-27 15:35,竹南-西濱,北上,小貨車,52,
2024-02-27 15:35,竹南-西濱,北上,大客車,4,
2024-02-27 15:35,竹南-西濱,北上,大貨車,19,
2024-02-27 15:35,竹南-西濱,北上,聯結車,16,230.6
2024-02-27 15:35,西濱-竹南,南下,小客車,105,
2024-02-27 15:35,西濱-竹南,南下,小貨車,48,
2024-02-27 15:35,西濱-竹南,南下,大客車,1,
2024-02-27 15:35,西濱-竹南,南下,大貨車,30,
2024-02-27 15:35,西濱-竹南,南下,聯結車,17,220.2
2024-02-27 15:35,大山-竹南,北上,小客車,129,
2024-02-27 15:35,大山-竹南,北上,小貨車,54,
2024-02-27 15:35,大山-竹南,北上,大客車,4,
2024-02-27 15:35,大山-竹南,北上,大貨車,21,
2024-02-27 15:35,大山-竹南,北上,聯結車,9,230.6
2024-02-27 15:35,竹南-大山,南下,小客車,97,
2024-02-27 15:35,竹南-大山,南下,小貨車,50,
2024-02-27 15:35,竹南-大山,南下,大客車,1,
2024-02-27 15:35,竹南-大山,南下,大貨車,39,
2024-02-27 15:35,竹南-大山,南下,聯結車,23,235.2
2024-02-27 15:35,後龍-大山,北上,小客車,126,
2024-02-27 15:35,後龍-大山,北上,小貨車,60,
2024-02-27 15:35,後龍-大山,北上,大客車,0,
2024-02-27 15:35,後龍-大山,北上,大貨車,30,
2024-02-27 15:35,後龍-大山,北上,聯結車,13,246.2
2024-02-27 15:35,大山-後龍,南下,小客車,115,
2024-02-27 15:35,大山-後龍,南下,小貨車,43,
2024-02-27 15:35,大山-後龍,南下,大客車,4,
2024-02-27 15:35,大山-後龍,南下,大貨車,30,
2024-02-27 15:35,大山-後龍,南下,聯結車,23,237.8
2024-02-27 15:35,西湖服務區-後龍,北上,小客車,106,
2024-02-27 15:35,西湖服務區-後龍,北上,小貨車,54,
2024-02-27 15:35,西湖服務區-後龍,北上,大客車,2,
2024-02-27 15:35,西湖服務區-後龍,北上,大貨車,18,
2024-02-27 15:35,西湖服務區-後龍,北上,聯結車,8,199.2
2024-02-27 15:35,後龍-西湖服務區,南下,小客車,111,
2024-02-27 15:35,後龍-西湖服務區,南下,小貨車,63,
2024-02-27 15:35,後龍-西湖服務區,南下,大客車,12,
2024-02-27 15:35,後龍-西湖服務區,南下,大貨車,22,
2024-02-27 15:35,後龍-西湖服務區,南下,聯結車,22,252.39999999999998
2024-02-27 15:35,通霄-西湖服務區,北上,小客車,125,
2024-02-27 15:35,通霄-西湖服務區,北上,小貨車,64,
2024-02-27 15:35,通霄-西湖服務區,北上,大客車,0,
2024-02-27 15:35,通霄-西湖服務區,北上,大貨車,18,
2024-02-27 15:35,通霄-西湖服務區,北上,聯結車,11,229.6
2024-02-27 15:35,西湖服務區-通霄,南下,小客車,94,
2024-02-27 15:35,西湖服務區-通霄,南下,小貨車,51,
2024-02-27 15:35,西湖服務區-通霄,南下,大客車,1,
2024-02-27 15:35,西湖服務區-通霄,南下,大貨車,25,
2024-02-27 15:35,西湖服務區-通霄,南下,聯結車,25,216.39999999999998
2024-02-27 15:35,苑裡-通霄,北上,小客車,93,
2024-02-27 15:35,苑裡-通霄,北上,小貨車,59,
2024-02-27 15:35,苑裡-通霄,北上,大客車,1,
2024-02-27 15:35,苑裡-通霄,北上,大貨車,15,
2024-02-27 15:35,苑裡-通霄,北上,聯結車,6,182.8
2024-02-27 15:35,通霄-苑裡,南下,小客車,89,
2024-02-27 15:35,通霄-苑裡,南下,小貨車,34,
2024-02-27 15:35,通霄-苑裡,南下,大客車,5,
2024-02-27 15:35,通霄-苑裡,南下,大貨車,24,
2024-02-27 15:35,通霄-苑裡,南下,聯結車,17,187.39999999999998
2024-02-27 15:35,大甲-苑裡,北上,小客車,113,
2024-02-27 15:35,大甲-苑裡,北上,小貨車,59,
2024-02-27 15:35,大甲-苑裡,北上,大客車,10,
2024-02-27 15:35,大甲-苑裡,北上,大貨車,20,
2024-02-27 15:35,大甲-苑裡,北上,聯結車,14,233.6
2024-02-27 15:35,苑裡-大甲,南下,小客車,94,
2024-02-27 15:35,苑裡-大甲,南下,小貨車,57,
2024-02-27 15:35,苑裡-大甲,南下,大客車,3,
2024-02-27 15:35,苑裡-大甲,南下,大貨車,24,
2024-02-27 15:35,苑裡-大甲,南下,聯結車,11,204.2
2024-02-27 15:35,中港系統-大甲,北上,小客車,146,
2024-02-27 15:35,中港系統-大甲,北上,小貨車,68,
2024-02-27 15:35,中港系統-大甲,北上,大客車,9,
2024-02-27 15:35,中港系統-大甲,北上,大貨車,22,
2024-02-27 15:35,中港系統-大甲,北上,聯結車,14,277.0
2024-02-27 15:35,大甲-中港系統,南下,小客車,133,
2024-02-27 15:35,大甲-中港系統,南下,小貨車,75,
2024-02-27 15:35,大甲-中港系統,南下,大客車,5,
2024-02-27 15:35,大甲-中港系統,南下,大貨車,36,
2024-02-27 15:35,大甲-中港系統,南下,聯結車,20,293.4
2024-02-27 15:35,清水服務區-中港系統,北上,小客車,123,
2024-02-27 15:35,清水服務區-中港系統,北上,小貨車,55,
2024-02-27 15:35,清水服務區-中港系統,北上,大客車,8,
2024-02-27 15:35,清水服務區-中港系統,北上,大貨車,22,
2024-02-27 15:35,清水服務區-中港系統,北上,聯結車,7,229.8
2024-02-27 15:35,中港系統-清水服務區,南下,小客車,117,
2024-02-27 15:35,中港系統-清水服務區,南下,小貨車,54,
2024-02-27 15:35,中港系統-清水服務區,南下,大客車,3,
2024-02-27 15:35,中港系統-清水服務區,南下,大貨車,31,
2024-02-27 15:35,中港系統-清水服務區,南下,聯結車,23,250.8
2024-02-27 15:35,沙鹿-清水服務區,北上,小客車,130,
2024-02-27 15:35,沙鹿-清水服務區,北上,小貨車,57,
2024-02-27 15:35,沙鹿-清水服務區,北上,大客車,2,
2024-02-27 15:35,沙鹿-清水服務區,北上,大貨車,18,
2024-02-27 15:35,沙鹿-清水服務區,北上,聯結車,6,223.4
2024-02-27 15:35,清水服務區-沙鹿,南下,小客車,118,
2024-02-27 15:35,清水服務區-沙鹿,南下,小貨車,55,
2024-02-27 15:35,清水服務區-沙鹿,南下,大客車,2,
2024-02-27 15:35,清水服務區-沙鹿,南下,大貨車,20,
2024-02-27 15:35,清水服務區-沙鹿,南下,聯結車,12,220.6
2024-02-27 15:35,龍井-沙鹿,北上,小客車,123,
2024-02-27 15:35,龍井-沙鹿,北上,小貨車,61,
2024-02-27 15:35,龍井-沙鹿,北上,大客車,5,
2024-02-27 15:35,龍井-沙鹿,北上,大貨車,23,
2024-02-27 15:35,龍井-沙鹿,北上,聯結車,19,249.8
2024-02-27 15:35,沙鹿-龍井,南下,小客車,122,
2024-02-27 15:35,沙鹿-龍井,南下,小貨車,54,
2024-02-27 15:35,沙鹿-龍井,南下,大客車,1,
2024-02-27 15:35,沙鹿-龍井,南下,大貨車,23,
2024-02-27 15:35,沙鹿-龍井,南下,聯結車,17,233.4
2024-02-27 15:35,和美-龍井,北上,小客車,151,
2024-02-27 15:35,和美-龍井,北上,小貨車,57,
2024-02-27 15:35,和美-龍井,北上,大客車,4,
2024-02-27 15:35,和美-龍井,北上,大貨車,17,
2024-02-27 15:35,和美-龍井,北上,聯結車,19,264.0
2024-02-27 15:35,龍井-和美,南下,小客車,134,
2024-02-27 15:35,龍井-和美,南下,小貨車,64,
2024-02-27 15:35,龍井-和美,南下,大客車,3,
2024-02-27 15:35,龍井-和美,南下,大貨車,20,
2024-02-27 15:35,龍井-和美,南下,聯結車,22,261.0
2024-02-27 15:35,彰化系統-和美,北上,小客車,178,
2024-02-27 15:35,彰化系統-和美,北上,小貨車,75,
2024-02-27 15:35,彰化系統-和美,北上,大客車,10,
2024-02-27 15:35,彰化系統-和美,北上,大貨車,39,
2024-02-27 15:35,彰化系統-和美,北上,聯結車,22,352.4
2024-02-27 15:35,和美-彰化系統,南下,小客車,155,
2024-02-27 15:35,和美-彰化系統,南下,小貨車,73,
2024-02-27 15:35,和美-彰化系統,南下,大客車,6,
2024-02-27 15:35,和美-彰化系統,南下,大貨車,28,
2024-02-27 15:35,和美-彰化系統,南下,聯結車,22,306.4
2024-02-27 15:35,彰化系統-快官,南下,小客車,165,
2024-02-27 15:35,彰化系統-快官,南下,小貨車,78,
2024-02-27 15:35,彰化系統-快官,南下,大客車,5,
2024-02-27 15:35,彰化系統-快官,南下,大貨車,31,
2024-02-27 15:35,彰化系統-快官,南下,聯結車,16,315.8
2024-02-27 15:35,快官-彰化系統,北上,小客車,128,
2024-02-27 15:35,快官-彰化系統,北上,小貨車,67,
2024-02-27 15:35,快官-彰化系統,北上,大客車,10,
2024-02-27 15:35,快官-彰化系統,北上,大貨車,23,
2024-02-27 15:35,快官-彰化系統,北上,聯結車,15,262.2
2024-02-27 15:35,烏日-快官,北上,小客車,174,
2024-02-27 15:35,烏日-快官,北上,小貨車,90,
2024-02-27 15:35,烏日-快官,北上,大客車,12,
2024-02-27 15:35,烏日-快官,北上,大貨車,20,
2024-02-27 15:35,烏日-快官,北上,聯結車,10,322.8
2024-02-27 15:35,快官-烏日,南下,小客車,190,
2024-02-27 15:35,快官-烏日,南下,小貨車,87,
2024-02-27 15:35,快官-烏日,南下,大客車,0,
2024-02-27 15:35,快官-烏日,南下,大貨車,20,
2024-02-27 15:35,快官-烏日,南下,聯結車,17,328.8
2024-02-27 15:35,中投-烏日,北上,小客車,188,
2024-02-27 15:35,中投-烏日,北上,小貨車,95,
2024-02-27 15:35,中投-烏日,北上,大客車,12,
2024-02-27 15:35,中投-烏日,北上,大貨車,16,
2024-02-27 15:35,中投-烏日,北上,聯結車,6,330.6
2024-02-27 15:35,烏日-中投,南下,小客車,194,
2024-02-27 15:35,烏日-中投,南下,小貨車,90,
2024-02-27 15:35,烏日-中投,南下,大客車,2,
2024-02-27 15:35,烏日-中投,南下,大貨車,16,
2024-02-27 15:35,烏日-中投,南下,聯結車,7,319.0
2024-02-27 15:35,霧峰-中投,北上,小客車,196,
2024-02-27 15:35,霧峰-中投,北上,小貨車,88,
2024-02-27 15:35,霧峰-中投,北上,大客車,12,
2024-02-27 15:35,霧峰-中投,北上,大貨車,19,
2024-02-27 15:35,霧峰-中投,北上,聯結車,10,341.4
2024-02-27 15:35,中投-霧峰,南下,小客車,191,
2024-02-27 15:35,中投-霧峰,南下,小貨車,91,
2024-02-27 15:35,中投-霧峰,南下,大客車,3,
2024-02-27 15:35,中投-霧峰,南下,大貨車,21,
2024-02-27 15:35,中投-霧峰,南下,聯結車,8,326.8
2024-02-27 15:35,霧峰系統-霧峰,北上,小客車,282,
2024-02-27 15:35,霧峰系統-霧峰,北上,小貨車,125,
2024-02-27 15:35,霧峰系統-霧峰,北上,大客車,7,
2024-02-27 15:35,霧峰系統-霧峰,北上,大貨車,24,
2024-02-27 15:35,霧峰系統-霧峰,北上,聯結車,11,465.8
2024-02-27 15:35,霧峰-霧峰系統,南下,小客車,222,
2024-02-27 15:35,霧峰-霧峰系統,南下,小貨車,89,
2024-02-27 15:35,霧峰-霧峰系統,南下,大客車,3,
2024-02-27 15:35,霧峰-霧峰系統,南下,大貨車,28,
2024-02-27 15:35,霧峰-霧峰系統,南下,聯結車,9,367.0
2024-02-27 15:35,霧峰系統-草屯,南下,小客車,191,
2024-02-27 15:35,霧峰系統-草屯,南下,小貨車,82,
2024-02-27 15:35,霧峰系統-草屯,南下,大客車,17,
2024-02-27 15:35,霧峰系統-草屯,南下,大貨車,16,
2024-02-27 15:35,霧峰系統-草屯,南下,聯結車,12,336.0
2024-02-27 15:35,草屯-霧峰系統,北上,小客車,251,
2024-02-27 15:35,草屯-霧峰系統,北上,小貨車,113,
2024-02-27 15:35,草屯-霧峰系統,北上,大客車,10,
2024-02-27 15:35,草屯-霧峰系統,北上,大貨車,19,
2024-02-27 15:35,草屯-霧峰系統,北上,聯結車,11,420.0
2024-02-27 15:35,中興系統-草屯,北上,小客車,243,
2024-02-27 15:35,中興系統-草屯,北上,小貨車,95,
2024-02-27 15:35,中興系統-草屯,北上,大客車,11,
2024-02-27 15:35,中興系統-草屯,北上,大貨車,22,
2024-02-27 15:35,中興系統-草屯,北上,聯結車,13,402.4
2024-02-27 15:35,草屯-中興系統,南下,小客車,166,
2024-02-27 15:35,草屯-中興系統,南下,小貨車,73,
2024-02-27 15:35,草屯-中興系統,南下,大客車,9,
2024-02-27 15:35,草屯-中興系統,南下,大貨車,21,
2024-02-27 15:35,草屯-中興系統,南下,聯結車,5,288.0
2024-02-27 15:35,中興-中興系統,北上,小客車,226,
2024-02-27 15:35,中興-中興系統,北上,小貨車,78,
2024-02-27 15:35,中興-中興系統,北上,大客車,14,
2024-02-27 15:35,中興-中興系統,北上,大貨車,16,
2024-02-27 15:35,中興-中興系統,北上,聯結車,12,362.8
2024-02-27 15:35,中興系統-中興,南下,小客車,143,
2024-02-27 15:35,中興系統-中興,南下,小貨車,72,
2024-02-27 15:35,中興系統-中興,南下,大客車,1,
2024-02-27 15:35,中興系統-中興,南下,大貨車,20,
2024-02-27 15:35,中興系統-中興,南下,聯結車,7,254.2
2024-02-27 15:35,南投-中興,北上,小客車,224,
2024-02-27 15:35,南投-中興,北上,小貨車,81,
2024-02-27 15:35,南投-中興,北上,大客車,12,
2024-02-27 15:35,南投-中興,北上,大貨車,22,
2024-02-27 15:35,南投-中興,北上,聯結車,3,356.8
2024-02-27 15:35,中興-南投,南下,小客車,146,
2024-02-27 15:35,中興-南投,南下,小貨車,69,
2024-02-27 15:35,中興-南投,南下,大客車,0,
2024-02-27 15:35,中興-南投,南下,大貨車,14,
2024-02-27 15:35,中興-南投,南下,聯結車,10,248.6
2024-02-27 15:35,南投服務區-南投,北上,小客車,173,
2024-02-27 15:35,南投服務區-南投,北上,小貨車,67,
2024-02-27 15:35,南投服務區-南投,北上,大客車,13,
2024-02-27 15:35,南投服務區-南投,北上,大貨車,13,
2024-02-27 15:35,南投服務區-南投,北上,聯結車,5,283.4
2024-02-27 15:35,南投-南投服務區,南下,小客車,122,
2024-02-27 15:35,南投-南投服務區,南下,小貨車,59,
2024-02-27 15:35,南投-南投服務區,南下,大客車,3,
2024-02-27 15:35,南投-南投服務區,南下,大貨車,9,
2024-02-27 15:35,南投-南投服務區,南下,聯結車,4,203.4
2024-02-27 15:35,名間-南投服務區,北上,小客車,168,
2024-02-27 15:35,名間-南投服務區,北上,小貨車,61,
2024-02-27 15:35,名間-南投服務區,北上,大客車,12,
2024-02-27 15:35,名間-南投服務區,北上,大貨車,12,
2024-02-27 15:35,名間-南投服務區,北上,聯結車,4,268.2
2024-02-27 15:35,南投服務區-名間,南下,小客車,125,
2024-02-27 15:35,南投服務區-名間,南下,小貨車,40,
2024-02-27 15:35,南投服務區-名間,南下,大客車,3,
2024-02-27 15:35,南投服務區-名間,南下,大貨車,12,
2024-02-27 15:35,南投服務區-名間,南下,聯結車,6,194.4
2024-02-27 15:35,竹山-名間,北上,小客車,149,
2024-02-27 15:35,竹山-名間,北上,小貨車,50,
2024-02-27 15:35,竹山-名間,北上,大客車,8,
2024-02-27 15:35,竹山-名間,北上,大貨車,15,
2024-02-27 15:35,竹山-名間,北上,聯結車,4,236.8
2024-02-27 15:35,名間-竹山,南下,小客車,94,
2024-02-27 15:35,名間-竹山,南下,小貨車,28,
2024-02-27 15:35,名間-竹山,南下,大客車,0,
2024-02-27 15:35,名間-竹山,南下,大貨車,3,
2024-02-27 15:35,名間-竹山,南下,聯結車,3,130.4
2024-02-27 15:35,南雲-竹山,北上,小客車,112,
2024-02-27 15:35,南雲-竹山,北上,小貨車,38,
2024-02-27 15:35,南雲-竹山,北上,大客車,1,
2024-02-27 15:35,南雲-竹山,北上,大貨車,12,
2024-02-27 15:35,南雲-竹山,北上,聯結車,7,178.0
2024-02-27 15:35,竹山-南雲,南下,小客車,74,
2024-02-27 15:35,竹山-南雲,南下,小貨車,33,
2024-02-27 15:35,竹山-南雲,南下,大客車,4,
2024-02-27 15:35,竹山-南雲,南下,大貨車,2,
2024-02-27 15:35,竹山-南雲,南下,聯結車,6,123.8
2024-02-27 15:35,斗六-南雲,北上,小客車,98,
2024-02-27 15:35,斗六-南雲,北上,小貨車,40,
2024-02-27 15:35,斗六-南雲,北上,大客車,0,
2024-02-27 15:35,斗六-南雲,北上,大貨車,5,
2024-02-27 15:35,斗六-南雲,北上,聯結車,3,149.2
2024-02-27 15:35,南雲-斗六,南下,小客車,87,
2024-02-27 15:35,南雲-斗六,南下,小貨車,40,
2024-02-27 15:35,南雲-斗六,南下,大客車,5,
2024-02-27 15:35,南雲-斗六,南下,大貨車,10,
2024-02-27 15:35,南雲-斗六,南下,聯結車,2,150.8
2024-02-27 15:35,古坑(北)&古坑系統-斗六,北上,小客車,102,
2024-02-27 15:35,古坑(北)&古坑系統-斗六,北上,小貨車,33,
2024-02-27 15:35,古坑(北)&古坑系統-斗六,北上,大客車,0,
2024-02-27 15:35,古坑(北)&古坑系統-斗六,北上,大貨車,8,
2024-02-27 15:35,古坑(北)&古坑系統-斗六,北上,聯結車,3,150.4
2024-02-27 15:35,斗六-古坑(北)&古坑系統,南下,小客車,82,
2024-02-27 15:35,斗六-古坑(北)&古坑系統,南下,小貨車,28,
2024-02-27 15:35,斗六-古坑(北)&古坑系統,南下,大客車,3,
2024-02-27 15:35,斗六-古坑(北)&古坑系統,南下,大貨車,18,
2024-02-27 15:35,斗六-古坑(北)&古坑系統,南下,聯結車,8,150.6
2024-02-27 15:35,古坑(南)-古坑(北)&古坑系統,北上,小客車,75,
2024-02-27 15:35,古坑(南)-古坑(北)&古坑系統,北上,小貨車,29,
2024-02-27 15:35,古坑(南)-古坑(北)&古坑系統,北上,大客車,2,
2024-02-27 15:35,古坑(南)-古坑(北)&古坑系統,北上,大貨車,7,
2024-02-27 15:35,古坑(南)-古坑(北)&古坑系統,北上,聯結車,6,125.0
2024-02-27 15:35,古坑(北)&古坑系統-古坑(南),南下,小客車,78,
2024-02-27 15:35,古坑(北)&古坑系統-古坑(南),南下,小貨車,32,
2024-02-27 15:35,古坑(北)&古坑系統-古坑(南),南下,大客車,4,
2024-02-27 15:35,古坑(北)&古坑系統-古坑(南),南下,大貨車,8,
2024-02-27 15:35,古坑(北)&古坑系統-古坑(南),南下,聯結車,5,133.8
2024-02-27 15:35,古坑服務區-古坑(南),北上,小客車,92,
2024-02-27 15:35,古坑服務區-古坑(南),北上,小貨車,38,
2024-02-27 15:35,古坑服務區-古坑(南),北上,大客車,4,
2024-02-27 15:35,古坑服務區-古坑(南),北上,大貨車,9,
2024-02-27 15:35,古坑服務區-古坑(南),北上,聯結車,8,159.4
2024-02-27 15:35,古坑(南)-古坑服務區,南下,小客車,82,
2024-02-27 15:35,古坑(南)-古坑服務區,南下,小貨車,40,
2024-02-27 15:35,古坑(南)-古坑服務區,南下,大客車,4,
2024-02-27 15:35,古坑(南)-古坑服務區,南下,大貨車,8,
2024-02-27 15:35,古坑(南)-古坑服務區,南下,聯結車,5,145.8
2024-02-27 15:35,梅山-古坑服務區,北上,小客車,81,
2024-02-27 15:35,梅山-古坑服務區,北上,小貨車,37,
2024-02-27 15:35,梅山-古坑服務區,北上,大客車,2,
2024-02-27 15:35,梅山-古坑服務區,北上,大貨車,10,
2024-02-27 15:35,梅山-古坑服務區,北上,聯結車,5,141.8
2024-02-27 15:35,古坑服務區-梅山,南下,小客車,75,
2024-02-27 15:35,古坑服務區-梅山,南下,小貨車,43,
2024-02-27 15:35,古坑服務區-梅山,南下,大客車,6,
2024-02-27 15:35,古坑服務區-梅山,南下,大貨車,7,
2024-02-27 15:35,古坑服務區-梅山,南下,聯結車,5,143.2
2024-02-27 15:35,竹崎(北)-梅山,北上,小客車,78,
2024-02-27 15:35,竹崎(北)-梅山,北上,小貨車,31,
2024-02-27 15:35,竹崎(北)-梅山,北上,大客車,4,
2024-02-27 15:35,竹崎(北)-梅山,北上,大貨車,9,
2024-02-27 15:35,竹崎(北)-梅山,北上,聯結車,6,135.6
2024-02-27 15:35,梅山-竹崎(北),南下,小客車,85,
2024-02-27 15:35,梅山-竹崎(北),南下,小貨車,42,
2024-02-27 15:35,梅山-竹崎(北),南下,大客車,2,
2024-02-27 15:35,梅山-竹崎(北),南下,大貨車,10,
2024-02-27 15:35,梅山-竹崎(北),南下,聯結車,7,153.6
2024-02-27 15:35,竹崎(南)-竹崎(北),北上,小客車,56,
2024-02-27 15:35,竹崎(南)-竹崎(北),北上,小貨車,33,
2024-02-27 15:35,竹崎(南)-竹崎(北),北上,大客車,1,
2024-02-27 15:35,竹崎(南)-竹崎(北),北上,大貨車,8,
2024-02-27 15:35,竹崎(南)-竹崎(北),北上,聯結車,6,110.0
2024-02-27 15:35,竹崎(北)-竹崎(南),南下,小客車,68,
2024-02-27 15:35,竹崎(北)-竹崎(南),南下,小貨車,29,
2024-02-27 15:35,竹崎(北)-竹崎(南),南下,大客車,0,
2024-02-27 15:35,竹崎(北)-竹崎(南),南下,大貨車,5,
2024-02-27 15:35,竹崎(北)-竹崎(南),南下,聯結車,4,109.6
2024-02-27 15:35,中埔-竹崎(南),北上,小客車,70,
2024-02-27 15:35,中埔-竹崎(南),北上,小貨車,41,
2024-02-27 15:35,中埔-竹崎(南),北上,大客車,1,
2024-02-27 15:35,中埔-竹崎(南),北上,大貨車,11,
2024-02-27 15:35,中埔-竹崎(南),北上,聯結車,8,139.0
2024-02-27 15:35,竹崎(南)-中埔,南下,小客車,86,
2024-02-27 15:35,竹崎(南)-中埔,南下,小貨車,39,
2024-02-27 15:35,竹崎(南)-中埔,南下,大客車,0,
2024-02-27 15:35,竹崎(南)-中埔,南下,大貨車,11,
2024-02-27 15:35,竹崎(南)-中埔,南下,聯結車,8,151.6
2024-02-27 15:35,水上系統-中埔,北上,小客車,79,
2024-02-27 15:35,水上系統-中埔,北上,小貨車,34,
2024-02-27 15:35,水上系統-中埔,北上,大客車,7,
2024-02-27 15:35,水上系統-中埔,北上,大貨車,19,
2024-02-27 15:35,水上系統-中埔,北上,聯結車,4,155.0
2024-02-27 15:35,中埔-水上系統,南下,小客車,98,
2024-02-27 15:35,中埔-水上系統,南下,小貨車,40,
2024-02-27 15:35,中埔-水上系統,南下,大客車,1,
2024-02-27 15:35,中埔-水上系統,南下,大貨車,10,
2024-02-27 15:35,中埔-水上系統,南下,聯結車,4,159.0
2024-02-27 15:35,白河-水上系統,北上,小客車,69,
2024-02-27 15:35,白河-水上系統,北上,小貨車,26,
2024-02-27 15:35,白河-水上系統,北上,大客車,5,
2024-02-27 15:35,白河-水上系統,北上,大貨車,10,
2024-02-27 15:35,白河-水上系統,北上,聯結車,5,123.0
2024-02-27 15:35,水上系統-白河,南下,小客車,97,
2024-02-27 15:35,水上系統-白河,南下,小貨車,37,
2024-02-27 15:35,水上系統-白河,南下,大客車,0,
2024-02-27 15:35,水上系統-白河,南下,大貨車,13,
2024-02-27 15:35,水上系統-白河,南下,聯結車,6,160.6
2024-02-27 15:35,東山服務區-白河,北上,小客車,60,
2024-02-27 15:35,東山服務區-白河,北上,小貨車,31,
2024-02-27 15:35,東山服務區-白河,北上,大客車,0,
2024-02-27 15:35,東山服務區-白河,北上,大貨車,6,
2024-02-27 15:35,東山服務區-白河,北上,聯結車,5,106.4
2024-02-27 15:35,白河-東山服務區,南下,小客車,96,
2024-02-27 15:35,白河-東山服務區,南下,小貨車,32,
2024-02-27 15:35,白河-東山服務區,南下,大客車,7,
2024-02-27 15:35,白河-東山服務區,南下,大貨車,7,
2024-02-27 15:35,白河-東山服務區,南下,聯結車,6,156.0
2024-02-27 15:35,柳營-東山服務區,北上,小客車,70,
2024-02-27 15:35,柳營-東山服務區,北上,小貨車,33,
2024-02-27 15:35,柳營-東山服務區,北上,大客車,1,
2024-02-27 15:35,柳營-東山服務區,北上,大貨車,9,
2024-02-27 15:35,柳營-東山服務區,北上,聯結車,7,126.8
2024-02-27 15:35,東山服務區-柳營,南下,小客車,93,
2024-02-27 15:35,東山服務區-柳營,南下,小貨車,27,
2024-02-27 15:35,東山服務區-柳營,南下,大客車,3,
2024-02-27 15:35,東山服務區-柳營,南下,大貨車,8,
2024-02-27 15:35,東山服務區-柳營,南下,聯結車,7,145.2
2024-02-27 15:35,烏山頭-柳營,北上,小客車,75,
2024-02-27 15:35,烏山頭-柳營,北上,小貨車,36,
2024-02-27 15:35,烏山頭-柳營,北上,大客車,1,
2024-02-27 15:35,烏山頭-柳營,北上,大貨車,11,
2024-02-27 15:35,烏山頭-柳營,北上,聯結車,9,140.4
2024-02-27 15:35,柳營-烏山頭,南下,小客車,95,
2024-02-27 15:35,柳營-烏山頭,南下,小貨車,45,
2024-02-27 15:35,柳營-烏山頭,南下,大客車,6,
2024-02-27 15:35,柳營-烏山頭,南下,大貨車,7,
2024-02-27 15:35,柳營-烏山頭,南下,聯結車,9,170.8
2024-02-27 15:35,官田系統-烏山頭,北上,小客車,92,
2024-02-27 15:35,官田系統-烏山頭,北上,小貨車,34,
2024-02-27 15:35,官田系統-烏山頭,北上,大客車,3,
2024-02-27 15:35,官田系統-烏山頭,北上,大貨車,11,
2024-02-27 15:35,官田系統-烏山頭,北上,聯結車,5,152.6
2024-02-27 15:35,烏山頭-官田系統,南下,小客車,107,
2024-02-27 15:35,烏山頭-官田系統,南下,小貨車,42,
2024-02-27 15:35,烏山頭-官田系統,南下,大客車,6,
2024-02-27 15:35,烏山頭-官田系統,南下,大貨車,8,
2024-02-27 15:35,烏山頭-官田系統,南下,聯結車,9,181.2
2024-02-27 15:35,善化-官田系統,北上,小客車,91,
2024-02-27 15:35,善化-官田系統,北上,小貨車,31,
2024-02-27 15:35,善化-官田系統,北上,大客車,4,
2024-02-27 15:35,善化-官田系統,北上,大貨車,15,
2024-02-27 15:35,善化-官田系統,北上,聯結車,9,161.2
2024-02-27 15:35,官田系統-善化,南下,小客車,108,
2024-02-27 15:35,官田系統-善化,南下,小貨車,46,
2024-02-27 15:35,官田系統-善化,南下,大客車,1,
2024-02-27 15:35,官田系統-善化,南下,大貨車,8,
2024-02-27 15:35,官田系統-善化,南下,聯結車,12,183.4
2024-02-27 15:35,新化系統-善化,北上,小客車,92,
2024-02-27 15:35,新化系統-善化,北上,小貨車,36,
2024-02-27 15:35,新化系統-善化,北上,大客車,8,
2024-02-27 15:35,新化系統-善化,北上,大貨車,18,
2024-02-27 15:35,新化系統-善化,北上,聯結車,9,177.0
2024-02-27 15:35,善化-新化系統,南下,小客車,144,
2024-02-27 15:35,善化-新化系統,南下,小貨車,54,
2024-02-27 15:35,善化-新化系統,南下,大客車,1,
2024-02-27 15:35,善化-新化系統,南下,大貨車,14,
2024-02-27 15:35,善化-新化系統,南下,聯結車,13,237.2
2024-02-27 15:35,關廟-新化系統,北上,小客車,78,
2024-02-27 15:35,關廟-新化系統,北上,小貨車,41,
2024-02-27 15:35,關廟-新化系統,北上,大客車,0,
2024-02-27 15:35,關廟-新化系統,北上,大貨車,21,
2024-02-27 15:35,關廟-新化系統,北上,聯結車,14,168.0
2024-02-27 15:35,新化系統-關廟,南下,小客車,93,
2024-02-27 15:35,新化系統-關廟,南下,小貨車,51,
2024-02-27 15:35,新化系統-關廟,南下,大客車,1,
2024-02-27 15:35,新化系統-關廟,南下,大貨車,11,
2024-02-27 15:35,新化系統-關廟,南下,聯結車,19,187.4
2024-02-27 15:35,關廟服務區-關廟,北上,小客車,69,
2024-02-27 15:35,關廟服務區-關廟,北上,小貨車,30,
2024-02-27 15:35,關廟服務區-關廟,北上,大客車,3,
2024-02-27 15:35,關廟服務區-關廟,北上,大貨車,10,
2024-02-27 15:35,關廟服務區-關廟,北上,聯結車,12,134.0
2024-02-27 15:35,關廟-關廟服務區,南下,小客車,88,
2024-02-27 15:35,關廟-關廟服務區,南下,小貨車,39,
2024-02-27 15:35,關廟-關廟服務區,南下,大客車,2,
2024-02-27 15:35,關廟-關廟服務區,南下,大貨車,23,
2024-02-27 15:35,關廟-關廟服務區,南下,聯結車,19,188.6
2024-02-27 15:35,田寮-關廟服務區,北上,小客車,88,
2024-02-27 15:35,田寮-關廟服務區,北上,小貨車,38,
2024-02-27 15:35,田寮-關廟服務區,北上,大客車,2,
2024-02-27 15:35,田寮-關廟服務區,北上,大貨車,13,
2024-02-27 15:35,田寮-關廟服務區,北上,聯結車,24,180.6
2024-02-27 15:35,關廟服務區-田寮,南下,小客車,84,
2024-02-27 15:35,關廟服務區-田寮,南下,小貨車,34,
2024-02-27 15:35,關廟服務區-田寮,南下,大客車,3,
2024-02-27 15:35,關廟服務區-田寮,南下,大貨車,14,
2024-02-27 15:35,關廟服務區-田寮,南下,聯結車,26,178.2
2024-02-27 15:35,燕巢系統-田寮,北上,小客車,74,
2024-02-27 15:35,燕巢系統-田寮,北上,小貨車,35,
2024-02-27 15:35,燕巢系統-田寮,北上,大客車,1,
2024-02-27 15:35,燕巢系統-田寮,北上,大貨車,10,
2024-02-27 15:35,燕巢系統-田寮,北上,聯結車,24,158.0
2024-02-27 15:35,田寮-燕巢系統,南下,小客車,89,
2024-02-27 15:35,田寮-燕巢系統,南下,小貨車,38,
2024-02-27 15:35,田寮-燕巢系統,南下,大客車,2,
2024-02-27 15:35,田寮-燕巢系統,南下,大貨車,12,
2024-02-27 15:35,田寮-燕巢系統,南下,聯結車,19,173.2
2024-02-27 15:35,九如-燕巢系統,北上,小客車,100,
2024-02-27 15:35,九如-燕巢系統,北上,小貨車,36,
2024-02-27 15:35,九如-燕巢系統,北上,大客車,0,
2024-02-27 15:35,九如-燕巢系統,北上,大貨車,11,
2024-02-27 15:35,九如-燕巢系統,北上,聯結車,3,155.6
2024-02-27 15:35,燕巢系統-九如,南下,小客車,90,
2024-02-27 15:35,燕巢系統-九如,南下,小貨車,31,
2024-02-27 15:35,燕巢系統-九如,南下,大客車,0,
2024-02-27 15:35,燕巢系統-九如,南下,大貨車,12,
2024-02-27 15:35,燕巢系統-九如,南下,聯結車,7,147.6
2024-02-27 15:35,屏東-九如,北上,小客車,73,
2024-02-27 15:35,屏東-九如,北上,小貨車,39,
2024-02-27 15:35,屏東-九如,北上,大客車,0,
2024-02-27 15:35,屏東-九如,北上,大貨車,11,
2024-02-27 15:35,屏東-九如,北上,聯結車,7,137.2
2024-02-27 15:35,九如-屏東,南下,小客車,88,
2024-02-27 15:35,九如-屏東,南下,小貨車,40,
2024-02-27 15:35,九如-屏東,南下,大客車,3,
2024-02-27 15:35,九如-屏東,南下,大貨車,12,
2024-02-27 15:35,九如-屏東,南下,聯結車,8,160.2
2024-02-27 15:35,屏東-長治,南下,小客車,52,
2024-02-27 15:35,屏東-長治,南下,小貨車,20,
2024-02-27 15:35,屏東-長治,南下,大客車,11,
2024-02-27 15:35,屏東-長治,南下,大貨車,11,
2024-02-27 15:35,屏東-長治,南下,聯結車,8,114.0
2024-02-27 15:35,長治-屏東,北上,小客車,60,
2024-02-27 15:35,長治-屏東,北上,小貨車,23,
2024-02-27 15:35,長治-屏東,北上,大客車,3,
2024-02-27 15:35,長治-屏東,北上,大貨車,7,
2024-02-27 15:35,長治-屏東,北上,聯結車,6,105.4
2024-02-27 15:35,長治-麟洛,南下,小客車,56,
2024-02-27 15:35,長治-麟洛,南下,小貨車,14,
2024-02-27 15:35,長治-麟洛,南下,大客車,10,
2024-02-27 15:35,長治-麟洛,南下,大貨車,11,
2024-02-27 15:35,長治-麟洛,南下,聯結車,5,106.4
2024-02-27 15:35,麟洛-長治,北上,小客車,54,
2024-02-27 15:35,麟洛-長治,北上,小貨車,15,
2024-02-27 15:35,麟洛-長治,北上,大客車,2,
2024-02-27 15:35,麟洛-長治,北上,大貨車,11,
2024-02-27 15:35,麟洛-長治,北上,聯結車,4,92.8
2024-02-27 15:35,竹田系統-麟洛,北上,小客車,65,
2024-02-27 15:35,竹田系統-麟洛,北上,小貨車,40,
2024-02-27 15:35,竹田系統-麟洛,北上,大客車,1,
2024-02-27 15:35,竹田系統-麟洛,北上,大貨車,8,
2024-02-27 15:35,竹田系統-麟洛,北上,聯結車,7,127.4
2024-02-27 15:35,麟洛-竹田系統,南下,小客車,65,
2024-02-27 15:35,麟洛-竹田系統,南下,小貨車,25,
2024-02-27 15:35,麟洛-竹田系統,南下,大客車,4,
2024-02-27 15:35,麟洛-竹田系統,南下,大貨車,4,
2024-02-27 15:35,麟洛-竹田系統,南下,聯結車,6,109.6
2024-02-27 15:35,崁頂-竹田系統,北上,小客車,83,
2024-02-27 15:35,崁頂-竹田系統,北上,小貨車,43,
2024-02-27 15:35,崁頂-竹田系統,北上,大客車,1,
2024-02-27 15:35,崁頂-竹田系統,北上,大貨車,10,
2024-02-27 15:35,崁頂-竹田系統,北上,聯結車,6,149.8
2024-02-27 15:35,竹田系統-崁頂,南下,小客車,69,
2024-02-27 15:35,竹田系統-崁頂,南下,小貨車,26,
2024-02-27 15:35,竹田系統-崁頂,南下,大客車,4,
2024-02-27 15:35,竹田系統-崁頂,南下,大貨車,3,
2024-02-27 15:35,竹田系統-崁頂,南下,聯結車,10,118.8
2024-02-27 15:35,南州-崁頂,北上,小客車,77,
2024-02-27 15:35,南州-崁頂,北上,小貨車,34,
2024-02-27 15:35,南州-崁頂,北上,大客車,3,
2024-02-27 15:35,南州-崁頂,北上,大貨車,5,
2024-02-27 15:35,南州-崁頂,北上,聯結車,9,134.8
2024-02-27 15:35,崁頂-南州,南下,小客車,60,
2024-02-27 15:35,崁頂-南州,南下,小貨車,20,
2024-02-27 15:35,崁頂-南州,南下,大客車,2,
2024-02-27 15:35,崁頂-南州,南下,大貨車,3,
2024-02-27 15:35,崁頂-南州,南下,聯結車,7,96.8
2024-02-27 15:35,林邊-南州,北上,小客車,22,
2024-02-27 15:35,林邊-南州,北上,小貨車,14,
2024-02-27 15:35,林邊-南州,北上,大客車,0,
2024-02-27 15:35,林邊-南州,北上,大貨車,1,
2024-02-27 15:35,林邊-南州,北上,聯結車,2,40.2
2024-02-27 15:35,南州-林邊,南下,小客車,18,
2024-02-27 15:35,南州-林邊,南下,小貨車,8,
2024-02-27 15:35,南州-林邊,南下,大客車,1,
2024-02-27 15:35,南州-林邊,南下,大貨車,3,
2024-02-27 15:35,南州-林邊,南下,聯結車,1,33.0
2024-02-27 15:35,南港系統-石碇,南下,小客車,124,
2024-02-27 15:35,南港系統-石碇,南下,小貨車,46,
2024-02-27 15:35,南港系統-石碇,南下,大客車,0,
2024-02-27 15:35,南港系統-石碇,南下,大貨車,0,
2024-02-27 15:35,南港系統-石碇,南下,聯結車,0,170.0
2024-02-27 15:35,石碇-南港系統,北上,小客車,117,
2024-02-27 15:35,石碇-南港系統,北上,小貨車,54,
2024-02-27 15:35,石碇-南港系統,北上,大客車,7,
2024-02-27 15:35,石碇-南港系統,北上,大貨車,0,
2024-02-27 15:35,石碇-南港系統,北上,聯結車,0,180.8
2024-02-27 15:35,坪林交控專用道-石碇,北上,小客車,131,
2024-02-27 15:35,坪林交控專用道-石碇,北上,小貨車,62,
2024-02-27 15:35,坪林交控專用道-石碇,北上,大客車,7,
2024-02-27 15:35,坪林交控專用道-石碇,北上,大貨車,3,
2024-02-27 15:35,坪林交控專用道-石碇,北上,聯結車,0,207.0
2024-02-27 15:35,石碇-坪林交控專用道,南下,小客車,98,
2024-02-27 15:35,石碇-坪林交控專用道,南下,小貨車,45,
2024-02-27 15:35,石碇-坪林交控專用道,南下,大客車,5,
2024-02-27 15:35,石碇-坪林交控專用道,南下,大貨車,2,
2024-02-27 15:35,石碇-坪林交控專用道,南下,聯結車,1,154.2
2024-02-27 15:35,頭城-坪林交控專用道,北上,小客車,148,
2024-02-27 15:35,頭城-坪林交控專用道,北上,小貨車,53,
2024-02-27 15:35,頭城-坪林交控專用道,北上,大客車,7,
2024-02-27 15:35,頭城-坪林交控專用道,北上,大貨車,2,
2024-02-27 15:35,頭城-坪林交控專用道,北上,聯結車,1,215.0
2024-02-27 15:35,坪林交控專用道-頭城,南下,小客車,149,
2024-02-27 15:35,坪林交控專用道-頭城,南下,小貨車,38,
2024-02-27 15:35,坪林交控專用道-頭城,南下,大客車,4,
2024-02-27 15:35,坪林交控專用道-頭城,南下,大貨車,0,
2024-02-27 15:35,坪林交控專用道-頭城,南下,聯結車,0,192.6
2024-02-27 15:35,宜蘭(北)-頭城,北上,小客車,119,
2024-02-27 15:35,宜蘭(北)-頭城,北上,小貨車,49,
2024-02-27 15:35,宜蘭(北)-頭城,北上,大客車,4,
2024-02-27 15:35,宜蘭(北)-頭城,北上,大貨車,1,
2024-02-27 15:35,宜蘭(北)-頭城,北上,聯結車,4,180.6
2024-02-27 15:35,頭城-宜蘭(北),南下,小客車,90,
2024-02-27 15:35,頭城-宜蘭(北),南下,小貨車,32,
2024-02-27 15:35,頭城-宜蘭(北),南下,大客車,2,
2024-02-27 15:35,頭城-宜蘭(北),南下,大貨車,2,
2024-02-27 15:35,頭城-宜蘭(北),南下,聯結車,5,134.6
2024-02-27 15:35,羅東-宜蘭(南),北上,小客車,81,
2024-02-27 15:35,羅東-宜蘭(南),北上,小貨車,44,
2024-02-27 15:35,羅東-宜蘭(南),北上,大客車,9,
2024-02-27 15:35,羅東-宜蘭(南),北上,大貨車,3,
2024-02-27 15:35,羅東-宜蘭(南),北上,聯結車,2,144.6
2024-02-27 15:35,宜蘭(南)-羅東,南下,小客車,79,
2024-02-27 15:35,宜蘭(南)-羅東,南下,小貨車,25,
2024-02-27 15:35,宜蘭(南)-羅東,南下,大客車,4,
2024-02-27 15:35,宜蘭(南)-羅東,南下,大貨車,2,
2024-02-27 15:35,宜蘭(南)-羅東,南下,聯結車,5,119.4
2024-02-27 15:35,羅東-蘇澳,南下,小客車,38,
2024-02-27 15:35,羅東-蘇澳,南下,小貨車,8,
2024-02-27 15:35,羅東-蘇澳,南下,大客車,1,
2024-02-27 15:35,羅東-蘇澳,南下,大貨車,0,
2024-02-27 15:35,羅東-蘇澳,南下,聯結車,2,50.2
2024-02-27 15:35,蘇澳-羅東,北上,小客車,54,
2024-02-27 15:35,蘇澳-羅東,北上,小貨車,13,
2024-02-27 15:35,蘇澳-羅東,北上,大客車,4,
2024-02-27 15:35,蘇澳-羅東,北上,大貨車,2,
2024-02-27 15:35,蘇澳-羅東,北上,聯結車,4,81.0
2024-02-27 15:35,宜蘭(北)-宜蘭(南),南下,小客車,21,
2024-02-27 15:35,宜蘭(北)-宜蘭(南),南下,小貨車,6,
2024-02-27 15:35,宜蘭(北)-宜蘭(南),南下,大客車,1,
2024-02-27 15:35,宜蘭(北)-宜蘭(南),南下,大貨車,2,
2024-02-27 15:35,宜蘭(北)-宜蘭(南),南下,聯結車,1,32.6
2024-02-27 15:35,宜蘭(南)-宜蘭(北),北上,小客車,20,
2024-02-27 15:35,宜蘭(南)-宜蘭(北),北上,小貨車,7,
2024-02-27 15:35,宜蘭(南)-宜蘭(北),北上,大客車,1,
2024-02-27 15:35,宜蘭(南)-宜蘭(北),北上,大貨車,1,
2024-02-27 15:35,宜蘭(南)-宜蘭(北),北上,聯結車,0,29.8
