TimeInterval,RoadSection,Direction,VehicleType,TrafficVolume,PCU
2024-02-27 15:35,基隆端-基隆交流道,北上,小客車,80,
2024-02-27 15:35,基隆端-基隆交流道,北上,小貨車,33,
2024-02-27 15:35,基隆端-基隆交流道,北上,大客車,6,
2024-02-27 15:35,基隆端-基隆交流道,北上,大貨車,3,
2024-02-27 15:35,基隆端-基隆交流道,北上,聯結車,0,125.6
2024-02-27 15:35,基隆端-基隆交流道,南下,小客車,104,
2024-02-27 15:35,基隆端-基隆交流道,南下,小貨車,44,
2024-02-27 15:35,基隆端-基隆交流道,南下,大客車,2,
2024-02-27 15:35,基隆端-基隆交流道,南下,大貨車,0,
2024-02-27 15:35,基隆端-基隆交流道,南下,聯結車,0,150.8
2024-02-27 15:35,基隆交流道-八堵交流道,北上,小客車,91,
2024-02-27 15:35,基隆交流道-八堵交流道,北上,小貨車,29,
2024-02-27 15:35,基隆交流道-八堵交流道,北上,大客車,6,
2024-02-27 15:35,基隆交流道-八堵交流道,北上,大貨車,3,
2024-02-27 15:35,基隆交流道-八堵交流道,北上,聯結車,0,132.6
2024-02-27 15:35,基隆交流道-八堵交流道,南下,小客車,92,
2024-02-27 15:35,基隆交流道-八堵交流道,南下,小貨車,42,
2024-02-27 15:35,基隆交流道-八堵交流道,南下,大客車,3,
2024-02-27 15:35,基隆交流道-八堵交流道,南下,大貨車,1,
2024-02-27 15:35,基隆交流道-八堵交流道,南下,聯結車,2,142.4
2024-02-27 15:35,八堵交流道-大華系統交流道,北上,小客車,116,
2024-02-27 15:35,八堵交流道-大華系統交流道,北上,小貨車,37,
2024-02-27 15:35,八堵交流道-大華系統交流道,北上,大客車,7,
2024-02-27 15:35,八堵交流道-大華系統交流道,北上,大貨車,2,
2024-02-27 15:35,八堵交流道-大華系統交流道,北上,聯結車,1,167.0
2024-02-27 15:35,八堵交流道-大華系統交流道,南下,小客車,108,
2024-02-27 15:35,八堵交流道-大華系統交流道,南下,小貨車,47,
2024-02-27 15:35,八堵交流道-大華系統交流道,南下,大客車,4,
2024-02-27 15:35,八堵交流道-大華系統交流道,南下,大貨車,5,
2024-02-27 15:35,八堵交流道-大華系統交流道,南下,聯結車,2,170.4
2024-02-27 15:35,五堵交流道-汐止交流道,北上,小客車,166,
2024-02-27 15:35,五堵交流道-汐止交流道,北上,小貨車,72,
2024-02-27 15:35,五堵交流道-汐止交流道,北上,大客車,7,
2024-02-27 15:35,五堵交流道-汐止交流道,北上,大貨車,6,
2024-02-27 15:35,五堵交流道-汐止交流道,北上,聯結車,12,273.0
2024-02-27 15:35,五堵交流道-汐止交流道,南下,小客車,158,
2024-02-27 15:35,五堵交流道-汐止交流道,南下,小貨車,69,
2024-02-27 15:35,五堵交流道-汐止交流道,南下,大客車,9,
2024-02-27 15:35,五堵交流道-汐止交流道,南下,大貨車,10,
2024-02-27 15:35,五堵交流道-汐止交流道,南下,聯結車,10,267.6
2024-02-27 15:35,五堵交流道-汐止交流道,北上,小客車,177,
2024-02-27 15:35,五堵交流道-汐止交流道,北上,小貨車,75,
2024-02-27 15:35,五堵交流道-汐止交流道,北上,大客車,5,
2024-02-27 15:35,五堵交流道-汐止交流道,北上,大貨車,7,
2024-02-27 15:35,五堵交流道-汐止交流道,北上,聯結車,14,288.4
2024-02-27 15:35,五堵交流道-汐止交流道,南下,小客車,166,
2024-02-27 15:35,五堵交流道-汐止交流道,南下,小貨車,77,
2024-02-27 15:35,五堵交流道-汐止交流道,南下,大客車,17,
2024-02-27 15:35,五堵交流道-汐止交流道,南下,大貨車,7,
2024-02-27 15:35,五堵交流道-汐止交流道,南下,聯結車,8,287.8
2024-02-27 15:35,高架道路汐止端-東湖交流道,北上,小客車,159,
2024-02-27 15:35,高架道路汐止端-東湖交流道,北上,小貨車,52,
2024-02-27 15:35,高架道路汐止端-東湖交流道,北上,大客車,4,
2024-02-27 15:35,高架道路汐止端-東湖交流道,北上,大貨車,22,
2024-02-27 15:35,高架道路汐止端-東湖交流道,北上,聯結車,22,278.2
2024-02-27 15:35,高架道路汐止端-東湖交流道,南下,小客車,149,
2024-02-27 15:35,高架道路汐止端-東湖交流道,南下,小貨車,47,
2024-02-27 15:35,高架道路汐止端-東湖交流道,南下,大客車,14,
2024-02-27 15:35,高架道路汐止端-東湖交流道,南下,大貨車,12,
2024-02-27 15:35,高架道路汐止端-東湖交流道,南下,聯結車,11,247.8
2024-02-27 15:35,東湖交流道-內湖交流道,北上,小客車,197,
2024-02-27 15:35,東湖交流道-內湖交流道,北上,小貨車,66,
2024-02-27 15:35,東湖交流道-內湖交流道,北上,大客車,5,
2024-02-27 15:35,東湖交流道-內湖交流道,北上,大貨車,19,
2024-02-27 15:35,東湖交流道-內湖交流道,北上,聯結車,22,327.4
2024-02-27 15:35,東湖交流道-內湖交流道,南下,小客車,217,
2024-02-27 15:35,東湖交流道-內湖交流道,南下,小貨車,71,
2024-02-27 15:35,東湖交流道-內湖交流道,南下,大客車,13,
2024-02-27 15:35,東湖交流道-內湖交流道,南下,大貨車,14,
2024-02-27 15:35,東湖交流道-內湖交流道,南下,聯結車,12,342.6
2024-02-27 15:35,內湖交流道-圓山交流道,南下,小客車,196,
2024-02-27 15:35,內湖交流道-圓山交流道,南下,小貨車,61,
2024-02-27 15:35,內湖交流道-圓山交流道,南下,大客車,4,
2024-02-27 15:35,內湖交流道-圓山交流道,南下,大貨車,26,
2024-02-27 15:35,內湖交流道-圓山交流道,南下,聯結車,13,317.2
2024-02-27 15:35,內湖交流道-圓山交流道,北上,小客車,144,
2024-02-27 15:35,內湖交流道-圓山交流道,北上,小貨車,79,
2024-02-27 15:35,內湖交流道-圓山交流道,北上,大客車,5,
2024-02-27 15:35,內湖交流道-圓山交流道,北上,大貨車,15,
2024-02-27 15:35,內湖交流道-圓山交流道,北上,聯結車,19,277.6
2024-02-27 15:35,圓山交流道-台北交流道,北上,小客車,330,
2024-02-27 15:35,圓山交流道-台北交流道,北上,小貨車,127,
2024-02-27 15:35,圓山交流道-台北交流道,北上,大客車,3,
2024-02-27 15:35,圓山交流道-台北交流道,北上,大貨車,20,
2024-02-27 15:35,圓山交流道-台北交流道,北上,聯結車,17,513.0
2024-02-27 15:35,圓山交流道-台北交流道,南下,小客車,256,
2024-02-27 15:35,圓山交流道-台北交流道,南下,小貨車,95,
2024-02-27 15:35,圓山交流道-台北交流道,南下,大客車,4,
2024-02-27 15:35,圓山交流道-台北交流道,南下,大貨車,29,
2024-02-27 15:35,圓山交流道-台北交流道,南下,聯結車,21,426.6
2024-02-27 15:35,台北交流道-三重交流道,北上,小客車,303,
2024-02-27 15:35,台北交流道-三重交流道,北上,小貨車,83,
2024-02-27 15:35,台北交流道-三重交流道,北上,大客車,7,
2024-02-27 15:35,台北交流道-三重交流道,北上,大貨車,21,
2024-02-27 15:35,台北交流道-三重交流道,北上,聯結車,20,453.2
2024-02-27 15:35,台北交流道-三重交流道,南下,小客車,242,
2024-02-27 15:35,台北交流道-三重交流道,南下,小貨車,78,
2024-02-27 15:35,台北交流道-三重交流道,南下,大客車,5,
2024-02-27 15:35,台北交流道-三重交流道,南下,大貨車,18,
2024-02-27 15:35,台北交流道-三重交流道,南下,聯結車,17,376.0
2024-02-27 15:35,三重交流道-五股轉接道,北上,小客車,293,
2024-02-27 15:35,三重交流道-五股轉接道,北上,小貨車,98,
2024-02-27 15:35,三重交流道-五股轉接道,北上,大客車,11,
2024-02-27 15:35,三重交流道-五股轉接道,北上,大貨車,16,
2024-02-27 15:35,三重交流道-五股轉接道,北上,聯結車,22,459.6
2024-02-27 15:35,三重交流道-五股轉接道,南下,小客車,237,
2024-02-27 15:35,三重交流道-五股轉接道,南下,小貨車,86,
2024-02-27 15:35,三重交流道-五股轉接道,南下,大客車,12,
2024-02-27 15:35,三重交流道-五股轉接道,南下,大貨車,15,
2024-02-27 15:35,三重交流道-五股轉接道,南下,聯結車,26,397.2
2024-02-27 15:35,五股交流道-泰山轉接道,南下,小客車,434,
2024-02-27 15:35,五股交流道-泰山轉接道,南下,小貨車,175,
2024-02-27 15:35,五股交流道-泰山轉接道,南下,大客車,12,
2024-02-27 15:35,五股交流道-泰山轉接道,南下,大貨車,33,
2024-02-27 15:35,五股交流道-泰山轉接道,南下,聯結車,15,693.0
2024-02-27 15:35,五股交流道-泰山轉接道,北上,小客車,449,
2024-02-27 15:35,五股交流道-泰山轉接道,北上,小貨車,181,
2024-02-27 15:35,五股交流道-泰山轉接道,北上,大客車,16,
2024-02-27 15:35,五股交流道-泰山轉接道,北上,大貨車,13,
2024-02-27 15:35,五股交流道-泰山轉接道,北上,聯結車,11,686.0
2024-02-27 15:35,泰山轉接道-林口交流道,北上,小客車,364,
2024-02-27 15:35,泰山轉接道-林口交流道,北上,小貨車,144,
2024-02-27 15:35,泰山轉接道-林口交流道,北上,大客車,12,
2024-02-27 15:35,泰山轉接道-林口交流道,北上,大貨車,16,
2024-02-27 15:35,泰山轉接道-林口交流道,北上,聯結車,15,568.2
2024-02-27 15:35,泰山轉接道-林口交流道,南下,小客車,344,
2024-02-27 15:35,泰山轉接道-林口交流道,南下,小貨車,142,
2024-02-27 15:35,泰山轉接道-林口交流道,南下,大客車,13,
2024-02-27 15:35,泰山轉接道-林口交流道,南下,大貨車,35,
2024-02-27 15:35,泰山轉接道-林口交流道,南下,聯結車,15,574.2
2024-02-27 15:35,林口交流道-桃園交流道,北上,小客車,167,
2024-02-27 15:35,林口交流道-桃園交流道,北上,小貨車,80,
2024-02-27 15:35,林口交流道-桃園交流道,北上,大客車,16,
2024-02-27 15:35,林口交流道-桃園交流道,北上,大貨車,14,
2024-02-27 15:35,林口交流道-桃園交流道,北上,聯結車,9,301.6
2024-02-27 15:35,林口交流道-桃園交流道,南下,小客車,182,
2024-02-27 15:35,林口交流道-桃園交流道,南下,小貨車,83,
2024-02-27 15:35,林口交流道-桃園交流道,南下,大客車,8,
2024-02-27 15:35,林口交流道-桃園交流道,南下,大貨車,27,
2024-02-27 15:35,林口交流道-桃園交流道,南下,聯結車,11,329.4
2024-02-27 15:35,林口交流道-桃園交流道,北上,小客車,331,
2024-02-27 15:35,林口交流道-桃園交流道,北上,小貨車,153,
2024-02-27 15:35,林口交流道-桃園交流道,北上,大客車,5,
2024-02-27 15:35,林口交流道-桃園交流道,北上,大貨車,23,
2024-02-27 15:35,林口交流道-桃園交流道,北上,聯結車,21,552.6
2024-02-27 15:35,林口交流道-桃園交流道,南下,小客車,282,
2024-02-27 15:35,林口交流道-桃園交流道,南下,小貨車,131,
2024-02-27 15:35,林口交流道-桃園交流道,南下,大客車,6,
2024-02-27 15:35,林口交流道-桃園交流道,南下,大貨車,33,
2024-02-27 15:35,林口交流道-桃園交流道,南下,聯結車,24,501.2
2024-02-27 15:35,桃園交流道-機場系統交流道,北上,小客車,187,
2024-02-27 15:35,桃園交流道-機場系統交流道,北上,小貨車,86,
2024-02-27 15:35,桃園交流道-機場系統交流道,北上,大客車,2,
2024-02-27 15:35,桃園交流道-機場系統交流道,北上,大貨車,19,
2024-02-27 15:35,桃園交流道-機場系統交流道,北上,聯結車,14,322.0
2024-02-27 15:35,桃園交流道-機場系統交流道,南下,小客車,180,
2024-02-27 15:35,桃園交流道-機場系統交流道,南下,小貨車,67,
2024-02-27 15:35,桃園交流道-機場系統交流道,南下,大客車,2,
2024-02-27 15:35,桃園交流道-機場系統交流道,南下,大貨車,24,
2024-02-27 15:35,桃園交流道-機場系統交流道,南下,聯結車,21,312.8
2024-02-27 15:35,桃園交流道-機場系統交流道,北上,小客車,305,
2024-02-27 15:35,桃園交流道-機場系統交流道,北上,小貨車,126,
2024-02-27 15:35,桃園交流道-機場系統交流道,北上,大客車,4,
2024-02-27 15:35,桃園交流道-機場系統交流道,北上,大貨車,35,
2024-02-27 15:35,桃園交流道-機場系統交流道,北上,聯結車,21,515.0
2024-02-27 15:35,桃園交流道-機場系統交流道,南下,小客車,323,
2024-02-27 15:35,桃園交流道-機場系統交流道,南下,小貨車,120,
2024-02-27 15:35,桃園交流道-機場系統交流道,南下,大客車,2,
2024-02-27 15:35,桃園交流道-機場系統交流道,南下,大貨車,37,
2024-02-27 15:35,桃園交流道-機場系統交流道,南下,聯結車,29,538.2
2024-02-27 15:35,機場系統交流道-內壢交流道,北上,小客車,224,
2024-02-27 15:35,機場系統交流道-內壢交流道,北上,小貨車,84,
2024-02-27 15:35,機場系統交流道-內壢交流道,北上,大客車,3,
2024-02-27 15:35,機場系統交流道-內壢交流道,北上,大貨車,41,
2024-02-27 15:35,機場系統交流道-內壢交流道,北上,聯結車,13,387.8
2024-02-27 15:35,機場系統交流道-內壢交流道,南下,小客車,275,
2024-02-27 15:35,機場系統交流道-內壢交流道,南下,小貨車,104,
2024-02-27 15:35,機場系統交流道-內壢交流道,南下,大客車,3,
2024-02-27 15:35,機場系統交流道-內壢交流道,南下,大貨車,35,
2024-02-27 15:35,機場系統交流道-內壢交流道,南下,聯結車,20,460.2
2024-02-27 15:35,機場系統交流道-內壢交流道,北上,小客車,260,
2024-02-27 15:35,機場系統交流道-內壢交流道,北上,小貨車,86,
2024-02-27 15:35,機場系統交流道-內壢交流道,北上,大客車,2,
2024-02-27 15:35,機場系統交流道-內壢交流道,北上,大貨車,46,
2024-02-27 15:35,機場系統交流道-內壢交流道,北上,聯結車,15,434.2
2024-02-27 15:35,機場系統交流道-內壢交流道,南下,小客車,246,
2024-02-27 15:35,機場系統交流道-內壢交流道,南下,小貨車,108,
2024-02-27 15:35,機場系統交流道-內壢交流道,南下,大客車,3,
2024-02-27 15:35,機場系統交流道-內壢交流道,南下,大貨車,40,
2024-02-27 15:35,機場系統交流道-內壢交流道,南下,聯結車,17,438.0
2024-02-27 15:35,內壢交流道-中壢轉接道,南下,小客車,134,
2024-02-27 15:35,內壢交流道-中壢轉接道,南下,小貨車,65,
2024-02-27 15:35,內壢交流道-中壢轉接道,南下,大客車,1,
2024-02-27 15:35,內壢交流道-中壢轉接道,南下,大貨車,25,
2024-02-27 15:35,內壢交流道-中壢轉接道,南下,聯結車,13,253.6
2024-02-27 15:35,內壢交流道-中壢轉接道,北上,小客車,233,
2024-02-27 15:35,內壢交流道-中壢轉接道,北上,小貨車,115,
2024-02-27 15:35,內壢交流道-中壢轉接道,北上,大客車,3,
2024-02-27 15:35,內壢交流道-中壢轉接道,北上,大貨車,45,
2024-02-27 15:35,內壢交流道-中壢轉接道,北上,聯結車,17,439.0
2024-02-27 15:35,中壢交流道-平鎮系統交流道,北上,小客車,208,
2024-02-27 15:35,中壢交流道-平鎮系統交流道,北上,小貨車,100,
2024-02-27 15:35,中壢交流道-平鎮系統交流道,北上,大客車,2,
2024-02-27 15:35,中壢交流道-平鎮系統交流道,北上,大貨車,48,
2024-02-27 15:35,中壢交流道-平鎮系統交流道,北上,聯結車,16,400.4
2024-02-27 15:35,中壢交流道-平鎮系統交流道,南下,小客車,145,
2024-02-27 15:35,中壢交流道-平鎮系統交流道,南下,小貨車,66,
2024-02-27 15:35,中壢交流道-平鎮系統交流道,南下,大客車,2,
2024-02-27 15:35,中壢交流道-平鎮系統交流道,南下,大貨車,17,
2024-02-27 15:35,中壢交流道-平鎮系統交流道,南下,聯結車,16,260.0
2024-02-27 15:35,平鎮系統交流道-幼獅交流道,北上,小客車,204,
2024-02-27 15:35,平鎮系統交流道-幼獅交流道,北上,小貨車,105,
2024-02-27 15:35,平鎮系統交流道-幼獅交流道,北上,大客車,1,
2024-02-27 15:35,平鎮系統交流道-幼獅交流道,北上,大貨車,39,
2024-02-27 15:35,平鎮系統交流道-幼獅交流道,北上,聯結車,20,393.0
2024-02-27 15:35,平鎮系統交流道-幼獅交流道,南下,小客車,152,
2024-02-27 15:35,平鎮系統交流道-幼獅交流道,南下,小貨車,65,
2024-02-27 15:35,平鎮系統交流道-幼獅交流道,南下,大客車,3,
2024-02-27 15:35,平鎮系統交流道-幼獅交流道,南下,大貨車,33,
2024-02-27 15:35,平鎮系統交流道-幼獅交流道,南下,聯結車,19,294.0
2024-02-27 15:35,幼獅交流道-楊梅交流道,北上,小客車,182,
2024-02-27 15:35,幼獅交流道-楊梅交流道,北上,小貨車,88,
2024-02-27 15:35,幼獅交流道-楊梅交流道,北上,大客車,1,
2024-02-27 15:35,幼獅交流道-楊梅交流道,北上,大貨車,34,
2024-02-27 15:35,幼獅交流道-楊梅交流道,北上,聯結車,16,341.4
2024-02-27 15:35,幼獅交流道-楊梅交流道,南下,小客車,141,
2024-02-27 15:35,幼獅交流道-楊梅交流道,南下,小貨車,65,
2024-02-27 15:35,幼獅交流道-楊梅交流道,南下,大客車,1,
2024-02-27 15:35,幼獅交流道-楊梅交流道,南下,大貨車,34,
2024-02-27 15:35,幼獅交流道-楊梅交流道,南下,聯結車,14,274.6
2024-02-27 15:35,楊梅交流道-高架道路楊梅端,北上,小客車,119,
2024-02-27 15:35,楊梅交流道-高架道路楊梅端,北上,小貨車,48,
2024-02-27 15:35,楊梅交流道-高架道路楊梅端,北上,大客車,1,
2024-02-27 15:35,楊梅交流道-高架道路楊梅端,北上,大貨車,29,
2024-02-27 15:35,楊梅交流道-高架道路楊梅端,北上,聯結車,13,227.2
2024-02-27 15:35,楊梅交流道-高架道路楊梅端,南下,小客車,75,
2024-02-27 15:35,楊梅交流道-高架道路楊梅端,南下,小貨車,41,
2024-02-27 15:35,楊梅交流道-高架道路楊梅端,南下,大客車,0,
2024-02-27 15:35,楊梅交流道-高架道路楊梅端,南下,大貨車,24,
2024-02-27 15:35,楊梅交流道-高架道路楊梅端,南下,聯結車,12,166.4
2024-02-27 15:35,高架道路楊梅端-湖口交流道,北上,小客車,237,
2024-02-27 15:35,高架道路楊梅端-湖口交流道,北上,小貨車,94,
2024-02-27 15:35,高架道路楊梅端-湖口交流道,北上,大客車,8,
2024-02-27 15:35,高架道路楊梅端-湖口交流道,北上,大貨車,22,
2024-02-27 15:35,高架道路楊梅端-湖口交流道,北上,聯結車,9,385.6
2024-02-27 15:35,高架道路楊梅端-湖口交流道,南下,小客車,165,
2024-02-27 15:35,高架道路楊梅端-湖口交流道,南下,小貨車,69,
2024-02-27 15:35,高架道路楊梅端-湖口交流道,南下,大客車,5,
2024-02-27 15:35,高架道路楊梅端-湖口交流道,南下,大貨車,27,
2024-02-27 15:35,高架道路楊梅端-湖口交流道,南下,聯結車,9,291.4
2024-02-27 15:35,湖口交流道-竹北交流道,北上,小客車,260,
2024-02-27 15:35,湖口交流道-竹北交流道,北上,小貨車,113,
2024-02-27 15:35,湖口交流道-竹北交流道,北上,大客車,6,
2024-02-27 15:35,湖口交流道-竹北交流道,北上,大貨車,24,
2024-02-27 15:35,湖口交流道-竹北交流道,北上,聯結車,15,436.0
2024-02-27 15:35,湖口交流道-竹北交流道,南下,小客車,284,
2024-02-27 15:35,湖口交流道-竹北交流道,南下,小貨車,96,
2024-02-27 15:35,湖口交流道-竹北交流道,南下,大客車,4,
2024-02-27 15:35,湖口交流道-竹北交流道,南下,大貨車,28,
2024-02-27 15:35,湖口交流道-竹北交流道,南下,聯結車,18,450.0
2024-02-27 15:35,竹北交流道-新竹交流道,北上,小客車,265,
2024-02-27 15:35,竹北交流道-新竹交流道,北上,小貨車,122,
2024-02-27 15:35,竹北交流道-新竹交流道,北上,大客車,5,
2024-02-27 15:35,竹北交流道-新竹交流道,北上,大貨車,25,
2024-02-27 15:35,竹北交流道-新竹交流道,北上,聯結車,13,447.2
2024-02-27 15:35,竹北交流道-新竹交流道,南下,小客車,258,
2024-02-27 15:35,竹北交流道-新竹交流道,南下,小貨車,95,
2024-02-27 15:35,竹北交流道-新竹交流道,南下,大客車,8,
2024-02-27 15:35,竹北交流道-新竹交流道,南下,大貨車,31,
2024-02-27 15:35,竹北交流道-新竹交流道,南下,聯結車,18,432.8
2024-02-27 15:35,新竹交流道-新竹系統交流道,南下,小客車,140,
2024-02-27 15:35,新竹交流道-新竹系統交流道,南下,小貨車,59,
2024-02-27 15:35,新竹交流道-新竹系統交流道,南下,大客車,6,
2024-02-27 15:35,新竹交流道-新竹系統交流道,南下,大貨車,26,
2024-02-27 15:35,新竹交流道-新竹系統交流道,南下,聯結車,19,270.4
2024-02-27 15:35,新竹交流道-新竹系統交流道,北上,小客車,131,
2024-02-27 15:35,新竹交流道-新竹系統交流道,北上,小貨車,66,
2024-02-27 15:35,新竹交流道-新竹系統交流道,北上,大客車,6,
2024-02-27 15:35,新竹交流道-新竹系統交流道,北上,大貨車,28,
2024-02-27 15:35,新竹交流道-新竹系統交流道,北上,聯結車,17,268.4
2024-02-27 15:35,新竹交流道-新竹系統交流道,北上,小客車,208,
2024-02-27 15:35,新竹交流道-新竹系統交流道,北上,小貨車,95,
2024-02-27 15:35,新竹交流道-新竹系統交流道,北上,大客車,7,
2024-02-27 15:35,新竹交流道-新竹系統交流道,北上,大貨車,36,
2024-02-27 15:35,新竹交流道-新竹系統交流道,北上,聯結車,17,387.0
2024-02-27 15:35,新竹交流道-新竹系統交流道,南下,小客車,218,
2024-02-27 15:35,新竹交流道-新竹系統交流道,南下,小貨車,82,
2024-02-27 15:35,新竹交流道-新竹系統交流道,南下,大客車,6,
2024-02-27 15:35,新竹交流道-新竹系統交流道,南下,大貨車,32,
2024-02-27 15:35,新竹交流道-新竹系統交流道,南下,聯結車,21,382.6
2024-02-27 15:35,新竹系統交流道-頭份交流道,北上,小客車,189,
2024-02-27 15:35,新竹系統交流道-頭份交流道,北上,小貨車,75,
2024-02-27 15:35,新竹系統交流道-頭份交流道,北上,大客車,8,
2024-02-27 15:35,新竹系統交流道-頭份交流道,北上,大貨車,16,
2024-02-27 15:35,新竹系統交流道-頭份交流道,北上,聯結車,4,303.2
2024-02-27 15:35,新竹系統交流道-頭份交流道,南下,小客車,164,
2024-02-27 15:35,新竹系統交流道-頭份交流道,南下,小貨車,68,
2024-02-27 15:35,新竹系統交流道-頭份交流道,南下,大客車,12,
2024-02-27 15:35,新竹系統交流道-頭份交流道,南下,大貨車,9,
2024-02-27 15:35,新竹系統交流道-頭份交流道,南下,聯結車,5,268.4
2024-02-27 15:35,頭份交流道-頭屋交流道,北上,小客車,161,
2024-02-27 15:35,頭份交流道-頭屋交流道,北上,小貨車,59,
2024-02-27 15:35,頭份交流道-頭屋交流道,北上,大客車,7,
2024-02-27 15:35,頭份交流道-頭屋交流道,北上,大貨車,12,
2024-02-27 15:35,頭份交流道-頭屋交流道,北上,聯結車,6,255.0
2024-02-27 15:35,頭份交流道-頭屋交流道,南下,小客車,175,
2024-02-27 15:35,頭份交流道-頭屋交流道,南下,小貨車,72,
2024-02-27 15:35,頭份交流道-頭屋交流道,南下,大客車,7,
2024-02-27 15:35,頭份交流道-頭屋交流道,南下,大貨車,20,
2024-02-27 15:35,頭份交流道-頭屋交流道,南下,聯結車,5,291.8
2024-02-27 15:35,頭屋交流道-苗栗交流道,北上,小客車,174,
2024-02-27 15:35,頭屋交流道-苗栗交流道,北上,小貨車,51,
2024-02-27 15:35,頭屋交流道-苗栗交流道,北上,大客車,3,
2024-02-27 15:35,頭屋交流道-苗栗交流道,北上,大貨車,16,
2024-02-27 15:35,頭屋交流道-苗栗交流道,北上,聯結車,7,261.4
2024-02-27 15:35,頭屋交流道-苗栗交流道,南下,小客車,131,
2024-02-27 15:35,頭屋交流道-苗栗交流道,南下,小貨車,52,
2024-02-27 15:35,頭屋交流道-苗栗交流道,南下,大客車,8,
2024-02-27 15:35,頭屋交流道-苗栗交流道,南下,大貨車,20,
2024-02-27 15:35,頭屋交流道-苗栗交流道,南下,聯結車,4,227.8
2024-02-27 15:35,苗栗交流道-銅鑼交流道,北上,小客車,178,
2024-02-27 15:35,苗栗交流道-銅鑼交流道,北上,小貨車,75,
2024-02-27 15:35,苗栗交流道-銅鑼交流道,北上,大客車,10,
2024-02-27 15:35,苗栗交流道-銅鑼交流道,北上,大貨車,19,
2024-02-27 15:35,苗栗交流道-銅鑼交流道,北上,聯結車,10,307.6
2024-02-27 15:35,苗栗交流道-銅鑼交流道,南下,小客車,164,
2024-02-27 15:35,苗栗交流道-銅鑼交流道,南下,小貨車,70,
2024-02-27 15:35,苗栗交流道-銅鑼交流道,南下,大客車,3,
2024-02-27 15:35,苗栗交流道-銅鑼交流道,南下,大貨車,16,
2024-02-27 15:35,苗栗交流道-銅鑼交流道,南下,聯結車,7,270.4
2024-02-27 15:35,銅鑼交流道-三義交流道,北上,小客車,199,
2024-02-27 15:35,銅鑼交流道-三義交流道,北上,小貨車,54,
2024-02-27 15:35,銅鑼交流道-三義交流道,北上,大客車,3,
2024-02-27 15:35,銅鑼交流道-三義交流道,北上,大貨車,11,
2024-02-27 15:35,銅鑼交流道-三義交流道,北上,聯結車,8,283.8
2024-02-27 15:35,銅鑼交流道-三義交流道,南下,小客車,135,
2024-02-27 15:35,銅鑼交流道-三義交流道,南下,小貨車,54,
2024-02-27 15:35,銅鑼交流道-三義交流道,南下,大客車,8,
2024-02-27 15:35,銅鑼交流道-三義交流道,南下,大貨車,20,
2024-02-27 15:35,銅鑼交流道-三義交流道,南下,聯結車,5,235.2
2024-02-27 15:35,三義交流道-后里交流道,北上,小客車,161,
2024-02-27 15:35,三義交流道-后里交流道,北上,小貨車,50,
2024-02-27 15:35,三義交流道-后里交流道,北上,大客車,8,
2024-02-27 15:35,三義交流道-后里交流道,北上,大貨車,18,
2024-02-27 15:35,三義交流道-后里交流道,北上,聯結車,4,253.0
2024-02-27 15:35,三義交流道-后里交流道,南下,小客車,186,
2024-02-27 15:35,三義交流道-后里交流道,南下,小貨車,65,
2024-02-27 15:35,三義交流道-后里交流道,南下,大客車,7,
2024-02-27 15:35,三義交流道-后里交流道,南下,大貨車,12,
2024-02-27 15:35,三義交流道-后里交流道,南下,聯結車,4,283.2
2024-02-27 15:35,后里交流道-台中系統交流道,北上,小客車,197,
2024-02-27 15:35,后里交流道-台中系統交流道,北上,小貨車,83,
2024-02-27 15:35,后里交流道-台中系統交流道,北上,大客車,6,
2024-02-27 15:35,后里交流道-台中系統交流道,北上,大貨車,16,
2024-02-27 15:35,后里交流道-台中系統交流道,北上,聯結車,5,317.8
2024-02-27 15:35,后里交流道-台中系統交流道,南下,小客車,226,
2024-02-27 15:35,后里交流道-台中系統交流道,南下,小貨車,87,
2024-02-27 15:35,后里交流道-台中系統交流道,南下,大客車,7,
2024-02-27 15:35,后里交流道-台中系統交流道,南下,大貨車,17,
2024-02-27 15:35,后里交流道-台中系統交流道,南下,聯結車,5,353.6
2024-02-27 15:35,台中系統交流道-豐原交流道,北上,小客車,250,
2024-02-27 15:35,台中系統交流道-豐原交流道,北上,小貨車,108,
2024-02-27 15:35,台中系統交流道-豐原交流道,北上,大客車,7,
2024-02-27 15:35,台中系統交流道-豐原交流道,北上,大貨車,23,
2024-02-27 15:35,台中系統交流道-豐原交流道,北上,聯結車,11,415.4
2024-02-27 15:35,台中系統交流道-豐原交流道,南下,小客車,271,
2024-02-27 15:35,台中系統交流道-豐原交流道,南下,小貨車,127,
2024-02-27 15:35,台中系統交流道-豐原交流道,南下,大客車,8,
2024-02-27 15:35,台中系統交流道-豐原交流道,南下,大貨車,26,
2024-02-27 15:35,台中系統交流道-豐原交流道,南下,聯結車,16,468.0
2024-02-27 15:35,豐原交流道-大雅交流道,北上,小客車,279,
2024-02-27 15:35,豐原交流道-大雅交流道,北上,小貨車,90,
2024-02-27 15:35,豐原交流道-大雅交流道,北上,大客車,7,
2024-02-27 15:35,豐原交流道-大雅交流道,北上,大貨車,25,
2024-02-27 15:35,豐原交流道-大雅交流道,北上,聯結車,2,416.6
2024-02-27 15:35,豐原交流道-大雅交流道,南下,小客車,263,
2024-02-27 15:35,豐原交流道-大雅交流道,南下,小貨車,119,
2024-02-27 15:35,豐原交流道-大雅交流道,南下,大客車,6,
2024-02-27 15:35,豐原交流道-大雅交流道,南下,大貨車,33,
2024-02-27 15:35,豐原交流道-大雅交流道,南下,聯結車,12,453.4
2024-02-27 15:35,大雅交流道-台中交流道,北上,小客車,226,
2024-02-27 15:35,大雅交流道-台中交流道,北上,小貨車,81,
2024-02-27 15:35,大雅交流道-台中交流道,北上,大客車,12,
2024-02-27 15:35,大雅交流道-台中交流道,北上,大貨車,23,
2024-02-27 15:35,大雅交流道-台中交流道,北上,聯結車,10,370.0
2024-02-27 15:35,大雅交流道-台中交流道,南下,小客車,218,
2024-02-27 15:35,大雅交流道-台中交流道,南下,小貨車,88,
2024-02-27 15:35,大雅交流道-台中交流道,南下,大客車,3,
2024-02-27 15:35,大雅交流道-台中交流道,南下,大貨車,15,
2024-02-27 15:35,大雅交流道-台中交流道,南下,聯結車,6,339.6
2024-02-27 15:35,台中交流道-南屯交流道,北上,小客車,183,
2024-02-27 15:35,台中交流道-南屯交流道,北上,小貨車,80,
2024-02-27 15:35,台中交流道-南屯交流道,北上,大客車,10,
2024-02-27 15:35,台中交流道-南屯交流道,北上,大貨車,19,
2024-02-27 15:35,台中交流道-南屯交流道,北上,聯結車,7,313.4
2024-02-27 15:35,台中交流道-南屯交流道,南下,小客車,175,
2024-02-27 15:35,台中交流道-南屯交流道,南下,小貨車,87,
2024-02-27 15:35,台中交流道-南屯交流道,南下,大客車,2,
2024-02-27 15:35,台中交流道-南屯交流道,南下,大貨車,17,
2024-02-27 15:35,台中交流道-南屯交流道,南下,聯結車,10,302.6
2024-02-27 15:35,南屯交流道-王田交流道,北上,小客車,209,
2024-02-27 15:35,南屯交流道-王田交流道,北上,小貨車,93,
2024-02-27 15:35,南屯交流道-王田交流道,北上,大客車,11,
2024-02-27 15:35,南屯交流道-王田交流道,北上,大貨車,19,
2024-02-27 15:35,南屯交流道-王田交流道,北上,聯結車,12,360.8
2024-02-27 15:35,南屯交流道-王田交流道,南下,小客車,180,
2024-02-27 15:35,南屯交流道-王田交流道,南下,小貨車,92,
2024-02-27 15:35,南屯交流道-王田交流道,南下,大客車,3,
2024-02-27 15:35,南屯交流道-王田交流道,南下,大貨車,25,
2024-02-27 15:35,南屯交流道-王田交流道,南下,聯結車,4,316.8
2024-02-27 15:35,王田交流道-彰化系統交流道,北上,小客車,239,
2024-02-27 15:35,王田交流道-彰化系統交流道,北上,小貨車,83,
2024-02-27 15:35,王田交流道-彰化系統交流道,北上,大客車,11,
2024-02-27 15:35,王田交流道-彰化系統交流道,北上,大貨車,21,
2024-02-27 15:35,王田交流道-彰化系統交流道,北上,聯結車,8,378.0
2024-02-27 15:35,王田交流道-彰化系統交流道,南下,小客車,145,
2024-02-27 15:35,王田交流道-彰化系統交流道,南下,小貨車,85,
2024-02-27 15:35,王田交流道-彰化系統交流道,南下,大客車,2,
2024-02-27 15:35,王田交流道-彰化系統交流道,南下,大貨車,20,
2024-02-27 15:35,王田交流道-彰化系統交流道,南下,聯結車,11,276.2
2024-02-27 15:35,彰化系統交流道-彰化交流道,北上,小客車,290,
2024-02-27 15:35,彰化系統交流道-彰化交流道,北上,小貨車,121,
2024-02-27 15:35,彰化系統交流道-彰化交流道,北上,大客車,10,
2024-02-27 15:35,彰化系統交流道-彰化交流道,北上,大貨車,36,
2024-02-27 15:35,彰化系統交流道-彰化交流道,北上,聯結車,33,521.6
2024-02-27 15:35,彰化系統交流道-彰化交流道,南下,小客車,195,
2024-02-27 15:35,彰化系統交流道-彰化交流道,南下,小貨車,128,
2024-02-27 15:35,彰化系統交流道-彰化交流道,南下,大客車,2,
2024-02-27 15:35,彰化系統交流道-彰化交流道,南下,大貨車,36,
2024-02-27 15:35,彰化系統交流道-彰化交流道,南下,聯結車,21,405.6
2024-02-27 15:35,彰化交流道-埔鹽系統交流道,北上,小客車,209,
2024-02-27 15:35,彰化交流道-埔鹽系統交流道,北上,小貨車,106,
2024-02-27 15:35,彰化交流道-埔鹽系統交流道,北上,大客車,16,
2024-02-27 15:35,彰化交流道-埔鹽系統交流道,北上,大貨車,38,
2024-02-27 15:35,彰化交流道-埔鹽系統交流道,北上,聯結車,19,417.2
2024-02-27 15:35,彰化交流道-埔鹽系統交流道,南下,小客車,196,
2024-02-27 15:35,彰化交流道-埔鹽系統交流道,南下,小貨車,121,
2024-02-27 15:35,彰化交流道-埔鹽系統交流道,南下,大客車,6,
2024-02-27 15:35,彰化交流道-埔鹽系統交流道,南下,大貨車,26,
2024-02-27 15:35,彰化交流道-埔鹽系統交流道,南下,聯結車,17,385.6
2024-02-27 15:35,埔鹽系統交流道-員林交流道,北上,小客車,235,
2024-02-27 15:35,埔鹽系統交流道-員林交流道,北上,小貨車,107,
2024-02-27 15:35,埔鹽系統交流道-員林交流道,北上,大客車,4,
2024-02-27 15:35,埔鹽系統交流道-員林交流道,北上,大貨車,42,
2024-02-27 15:35,埔鹽系統交流道-員林交流道,北上,聯結車,24,440.0
2024-02-27 15:35,埔鹽系統交流道-員林交流道,南下,小客車,190,
2024-02-27 15:35,埔鹽系統交流道-員林交流道,南下,小貨車,81,
2024-02-27 15:35,埔鹽系統交流道-員林交流道,南下,大客車,5,
2024-02-27 15:35,埔鹽系統交流道-員林交流道,南下,大貨車,29,
2024-02-27 15:35,埔鹽系統交流道-員林交流道,南下,聯結車,22,349.4
2024-02-27 15:35,員林交流道-北斗交流道,北上,小客車,187,
2024-02-27 15:35,員林交流道-北斗交流道,北上,小貨車,89,
2024-02-27 15:35,員林交流道-北斗交流道,北上,大客車,4,
2024-02-27 15:35,員林交流道-北斗交流道,北上,大貨車,37,
2024-02-27 15:35,員林交流道-北斗交流道,北上,聯結車,14,353.0
2024-02-27 15:35,員林交流道-北斗交流道,南下,小客車,171,
2024-02-27 15:35,員林交流道-北斗交流道,南下,小貨車,78,
2024-02-27 15:35,員林交流道-北斗交流道,南下,大客車,1,
2024-02-27 15:35,員林交流道-北斗交流道,南下,大貨車,27,
2024-02-27 15:35,員林交流道-北斗交流道,南下,聯結車,20,316.2
2024-02-27 15:35,北斗交流道-西螺交流道,北上,小客車,165,
2024-02-27 15:35,北斗交流道-西螺交流道,北上,小貨車,75,
2024-02-27 15:35,北斗交流道-西螺交流道,北上,大客車,6,
2024-02-27 15:35,北斗交流道-西螺交流道,北上,大貨車,26,
2024-02-27 15:35,北斗交流道-西螺交流道,北上,聯結車,9,297.4
2024-02-27 15:35,北斗交流道-西螺交流道,南下,小客車,125,
2024-02-27 15:35,北斗交流道-西螺交流道,南下,小貨車,56,
2024-02-27 15:35,北斗交流道-西螺交流道,南下,大客車,1,
2024-02-27 15:35,北斗交流道-西螺交流道,南下,大貨車,31,
2024-02-27 15:35,北斗交流道-西螺交流道,南下,聯結車,19,252.4
2024-02-27 15:35,西螺交流道-虎尾交流道,北上,小客車,143,
2024-02-27 15:35,西螺交流道-虎尾交流道,北上,小貨車,70,
2024-02-27 15:35,西螺交流道-虎尾交流道,北上,大客車,8,
2024-02-27 15:35,西螺交流道-虎尾交流道,北上,大貨車,32,
2024-02-27 15:35,西螺交流道-虎尾交流道,北上,聯結車,13,287.2
2024-02-27 15:35,西螺交流道-虎尾交流道,南下,小客車,187,
2024-02-27 15:35,西螺交流道-虎尾交流道,南下,小貨車,82,
2024-02-27 15:35,西螺交流道-虎尾交流道,南下,大客車,5,
2024-02-27 15:35,西螺交流道-虎尾交流道,南下,大貨車,40,
2024-02-27 15:35,西螺交流道-虎尾交流道,南下,聯結車,37,383.8
2024-02-27 15:35,虎尾交流道-斗南交流道,北上,小客車,153,
2024-02-27 15:35,虎尾交流道-斗南交流道,北上,小貨車,54,
2024-02-27 15:35,虎尾交流道-斗南交流道,北上,大客車,4,
2024-02-27 15:35,虎尾交流道-斗南交流道,北上,大貨車,26,
2024-02-27 15:35,虎尾交流道-斗南交流道,北上,聯結車,18,274.2
2024-02-27 15:35,虎尾交流道-斗南交流道,南下,小客車,163,
2024-02-27 15:35,虎尾交流道-斗南交流道,南下,小貨車,75,
2024-02-27 15:35,虎尾交流道-斗南交流道,南下,大客車,10,
2024-02-27 15:35,虎尾交流道-斗南交流道,南下,大貨車,34,
2024-02-27 15:35,虎尾交流道-斗南交流道,南下,聯結車,26,336.0
2024-02-27 15:35,斗南交流道-雲林系統交流道,北上,小客車,170,
2024-02-27 15:35,斗南交流道-雲林系統交流道,北上,小貨車,71,
2024-02-27 15:35,斗南交流道-雲林系統交流道,北上,大客車,4,
2024-02-27 15:35,斗南交流道-雲林系統交流道,北上,大貨車,20,
2024-02-27 15:35,斗南交流道-雲林系統交流道,北上,聯結車,23,306.8
2024-02-27 15:35,斗南交流道-雲林系統交流道,南下,小客車,160,
2024-02-27 15:35,斗南交流道-雲林系統交流道,南下,小貨車,79,
2024-02-27 15:35,斗南交流道-雲林系統交流道,南下,大客車,10,
2024-02-27 15:35,斗南交流道-雲林系統交流道,南下,大貨車,39,
2024-02-27 15:35,斗南交流道-雲林系統交流道,南下,聯結車,27,345.4
2024-02-27 15:35,雲林系統交流道-大林交流道,北上,小客車,164,
2024-02-27 15:35,雲林系統交流道-大林交流道,北上,小貨車,76,
2024-02-27 15:35,雲林系統交流道-大林交流道,北上,大客車,5,
2024-02-27 15:35,雲林系統交流道-大林交流道,北上,大貨車,29,
2024-02-27 15:35,雲林系統交流道-大林交流道,北上,聯結車,24,321.2
2024-02-27 15:35,雲林系統交流道-大林交流道,南下,小客車,146,
2024-02-27 15:35,雲林系統交流道-大林交流道,南下,小貨車,76,
2024-02-27 15:35,雲林系統交流道-大林交流道,南下,大客車,6,
2024-02-27 15:35,雲林系統交流道-大林交流道,南下,大貨車,37,
2024-02-27 15:35,雲林系統交流道-大林交流道,南下,聯結車,30,324.2
2024-02-27 15:35,大林交流道-民雄交流道,北上,小客車,160,
2024-02-27 15:35,大林交流道-民雄交流道,北上,小貨車,65,
2024-02-27 15:35,大林交流道-民雄交流道,北上,大客車,3,
2024-02-27 15:35,大林交流道-民雄交流道,北上,大貨車,36,
2024-02-27 15:35,大林交流道-民雄交流道,北上,聯結車,23,311.8
2024-02-27 15:35,大林交流道-民雄交流道,南下,小客車,130,
2024-02-27 15:35,大林交流道-民雄交流道,南下,小貨車,65,
2024-02-27 15:35,大林交流道-民雄交流道,南下,大客車,5,
2024-02-27 15:35,大林交流道-民雄交流道,南下,大貨車,31,
2024-02-27 15:35,大林交流道-民雄交流道,南下,聯結車,29,286.0
2024-02-27 15:35,民雄交流道-嘉義交流道,北上,小客車,138,
2024-02-27 15:35,民雄交流道-嘉義交流道,北上,小貨車,55,
2024-02-27 15:35,民雄交流道-嘉義交流道,北上,大客車,5,
2024-02-27 15:35,民雄交流道-嘉義交流道,北上,大貨車,23,
2024-02-27 15:35,民雄交流道-嘉義交流道,北上,聯結車,21,261.6
2024-02-27 15:35,民雄交流道-嘉義交流道,南下,小客車,165,
2024-02-27 15:35,民雄交流道-嘉義交流道,南下,小貨車,65,
2024-02-27 15:35,民雄交流道-嘉義交流道,南下,大客車,1,
2024-02-27 15:35,民雄交流道-嘉義交流道,南下,大貨車,37,
2024-02-27 15:35,民雄交流道-嘉義交流道,南下,聯結車,18,308.4
2024-02-27 15:35,嘉義交流道-水上交流道,北上,小客車,145,
2024-02-27 15:35,嘉義交流道-水上交流道,北上,小貨車,66,
2024-02-27 15:35,嘉義交流道-水上交流道,北上,大客車,2,
2024-02-27 15:35,嘉義交流道-水上交流道,北上,大貨車,18,
2024-02-27 15:35,嘉義交流道-水上交流道,北上,聯結車,20,267.0
2024-02-27 15:35,嘉義交流道-水上交流道,南下,小客車,150,
2024-02-27 15:35,嘉義交流道-水上交流道,南下,小貨車,60,
2024-02-27 15:35,嘉義交流道-水上交流道,南下,大客車,1,
2024-02-27 15:35,嘉義交流道-水上交流道,南下,大貨車,36,
2024-02-27 15:35,嘉義交流道-水上交流道,南下,聯結車,28,301.0
2024-02-27 15:35,水上交流道-嘉義系統交流道,北上,小客車,107,
2024-02-27 15:35,水上交流道-嘉義系統交流道,北上,小貨車,61,
2024-02-27 15:35,水上交流道-嘉義系統交流道,北上,大客車,3,
2024-02-27 15:35,水上交流道-嘉義系統交流道,北上,大貨車,19,
2024-02-27 15:35,水上交流道-嘉義系統交流道,北上,聯結車,22,229.6
2024-02-27 15:35,水上交流道-嘉義系統交流道,南下,小客車,123,
2024-02-27 15:35,水上交流道-嘉義系統交流道,南下,小貨車,51,
2024-02-27 15:35,水上交流道-嘉義系統交流道,南下,大客車,2,
2024-02-27 15:35,水上交流道-嘉義系統交流道,南下,大貨車,30,
2024-02-27 15:35,水上交流道-嘉義系統交流道,南下,聯結車,28,258.0
2024-02-27 15:35,嘉義系統交流道-新營交流道,北上,小客車,146,
2024-02-27 15:35,嘉義系統交流道-新營交流道,北上,小貨車,70,
2024-02-27 15:35,嘉義系統交流道-新營交流道,北上,大客車,11,
2024-02-27 15:35,嘉義系統交流道-新營交流道,北上,大貨車,28,
2024-02-27 15:35,嘉義系統交流道-新營交流道,北上,聯結車,25,305.6
2024-02-27 15:35,嘉義系統交流道-新營交流道,南下,小客車,127,
2024-02-27 15:35,嘉義系統交流道-新營交流道,南下,小貨車,50,
2024-02-27 15:35,嘉義系統交流道-新營交流道,南下,大客車,3,
2024-02-27 15:35,嘉義系統交流道-新營交流道,南下,大貨車,24,
2024-02-27 15:35,嘉義系統交流道-新營交流道,南下,聯結車,22,245.6
2024-02-27 15:35,嘉義系統交流道-新營交流道,北上,小客車,131,
2024-02-27 15:35,嘉義系統交流道-新營交流道,北上,小貨車,61,
2024-02-27 15:35,嘉義系統交流道-新營交流道,北上,大客車,10,
2024-02-27 15:35,嘉義系統交流道-新營交流道,北上,大貨車,26,
2024-02-27 15:35,嘉義系統交流道-新營交流道,北上,聯結車,19,269.0
2024-02-27 15:35,嘉義系統交流道-新營交流道,南下,小客車,165,
2024-02-27 15:35,嘉義系統交流道-新營交流道,南下,小貨車,58,
2024-02-27 15:35,嘉義系統交流道-新營交流道,南下,大客車,2,
2024-02-27 15:35,嘉義系統交流道-新營交流道,南下,大貨車,32,
2024-02-27 15:35,嘉義系統交流道-新營交流道,南下,聯結車,17,294.4
2024-02-27 15:35,新營交流道-下營系統交流道,北上,小客車,157,
2024-02-27 15:35,新營交流道-下營系統交流道,北上,小貨車,84,
2024-02-27 15:35,新營交流道-下營系統交流道,北上,大客車,2,
2024-02-27 15:35,新營交流道-下營系統交流道,北上,大貨車,27,
2024-02-27 15:35,新營交流道-下營系統交流道,北上,聯結車,26,318.0
2024-02-27 15:35,新營交流道-下營系統交流道,南下,小客車,175,
2024-02-27 15:35,新營交流道-下營系統交流道,南下,小貨車,70,
2024-02-27 15:35,新營交流道-下營系統交流道,南下,大客車,2,
2024-02-27 15:35,新營交流道-下營系統交流道,南下,大貨車,34,
2024-02-27 15:35,新營交流道-下營系統交流道,南下,聯結車,29,336.0
2024-02-27 15:35,下營系統交流道-麻豆交流道,北上,小客車,118,
2024-02-27 15:35,下營系統交流道-麻豆交流道,北上,小貨車,61,
2024-02-27 15:35,下營系統交流道-麻豆交流道,北上,大客車,2,
2024-02-27 15:35,下營系統交流道-麻豆交流道,北上,大貨車,26,
2024-02-27 15:35,下營系統交流道-麻豆交流道,北上,聯結車,24,251.8
2024-02-27 15:35,下營系統交流道-麻豆交流道,南下,小客車,174,
2024-02-27 15:35,下營系統交流道-麻豆交流道,南下,小貨車,81,
2024-02-27 15:35,下營系統交流道-麻豆交流道,南下,大客車,5,
2024-02-27 15:35,下營系統交流道-麻豆交流道,南下,大貨車,25,
2024-02-27 15:35,下營系統交流道-麻豆交流道,南下,聯結車,25,332.0
2024-02-27 15:35,麻豆交流道-安定交流道,北上,小客車,143,
2024-02-27 15:35,麻豆交流道-安定交流道,北上,小貨車,69,
2024-02-27 15:35,麻豆交流道-安定交流道,北上,大客車,7,
2024-02-27 15:35,麻豆交流道-安定交流道,北上,大貨車,25,
2024-02-27 15:35,麻豆交流道-安定交流道,北上,聯結車,35,305.8
2024-02-27 15:35,麻豆交流道-安定交流道,南下,小客車,188,
2024-02-27 15:35,麻豆交流道-安定交流道,南下,小貨車,77,
2024-02-27 15:35,麻豆交流道-安定交流道,南下,大客車,15,
2024-02-27 15:35,麻豆交流道-安定交流道,南下,大貨車,28,
2024-02-27 15:35,麻豆交流道-安定交流道,南下,聯結車,29,365.8
2024-02-27 15:35,安定交流道-台南系統交流道,北上,小客車,150,
2024-02-27 15:35,安定交流道-台南系統交流道,北上,小貨車,85,
2024-02-27 15:35,安定交流道-台南系統交流道,北上,大客車,8,
2024-02-27 15:35,安定交流道-台南系統交流道,北上,大貨車,29,
2024-02-27 15:35,安定交流道-台南系統交流道,北上,聯結車,24,320.4
2024-02-27 15:35,安定交流道-台南系統交流道,南下,小客車,225,
2024-02-27 15:35,安定交流道-台南系統交流道,南下,小貨車,91,
2024-02-27 15:35,安定交流道-台南系統交流道,南下,大客車,16,
2024-02-27 15:35,安定交流道-台南系統交流道,南下,大貨車,27,
2024-02-27 15:35,安定交流道-台南系統交流道,南下,聯結車,39,430.8
2024-02-27 15:35,台南系統交流道-永康交流道,北上,小客車,192,
2024-02-27 15:35,台南系統交流道-永康交流道,北上,小貨車,92,
2024-02-27 15:35,台南系統交流道-永康交流道,北上,大客車,8,
2024-02-27 15:35,台南系統交流道-永康交流道,北上,大貨車,21,
2024-02-27 15:35,台南系統交流道-永康交流道,北上,聯結車,30,366.6
2024-02-27 15:35,台南系統交流道-永康交流道,南下,小客車,277,
2024-02-27 15:35,台南系統交流道-永康交流道,南下,小貨車,126,
2024-02-27 15:35,台南系統交流道-永康交流道,南下,大客車,5,
2024-02-27 15:35,台南系統交流道-永康交流道,南下,大貨車,25,
2024-02-27 15:35,台南系統交流道-永康交流道,南下,聯結車,38,498.2
2024-02-27 15:35,永康交流道-大灣交流道,北上,小客車,227,
2024-02-27 15:35,永康交流道-大灣交流道,北上,小貨車,125,
2024-02-27 15:35,永康交流道-大灣交流道,北上,大客車,10,
2024-02-27 15:35,永康交流道-大灣交流道,北上,大貨車,29,
2024-02-27 15:35,永康交流道-大灣交流道,北上,聯結車,39,461.2
2024-02-27 15:35,永康交流道-大灣交流道,南下,小客車,254,
2024-02-27 15:35,永康交流道-大灣交流道,南下,小貨車,128,
2024-02-27 15:35,永康交流道-大灣交流道,南下,大客車,4,
2024-02-27 15:35,永康交流道-大灣交流道,南下,大貨車,25,
2024-02-27 15:35,永康交流道-大灣交流道,南下,聯結車,32,467.4
2024-02-27 15:35,大灣交流道-仁德交流道,北上,小客車,158,
2024-02-27 15:35,大灣交流道-仁德交流道,北上,小貨車,106,
2024-02-27 15:35,大灣交流道-仁德交流道,北上,大客車,8,
2024-02-27 15:35,大灣交流道-仁德交流道,北上,大貨車,29,
2024-02-27 15:35,大灣交流道-仁德交流道,北上,聯結車,34,363.4
2024-02-27 15:35,大灣交流道-仁德交流道,南下,小客車,172,
2024-02-27 15:35,大灣交流道-仁德交流道,南下,小貨車,103,
2024-02-27 15:35,大灣交流道-仁德交流道,南下,大客車,3,
2024-02-27 15:35,大灣交流道-仁德交流道,南下,大貨車,23,
2024-02-27 15:35,大灣交流道-仁德交流道,南下,聯結車,34,359.0
2024-02-27 15:35,仁德交流道-仁德系統交流道,北上,小客車,220,
2024-02-27 15:35,仁德交流道-仁德系統交流道,北上,小貨車,102,
2024-02-27 15:35,仁德交流道-仁德系統交流道,北上,大客車,5,
2024-02-27 15:35,仁德交流道-仁德系統交流道,北上,大貨車,33,
2024-02-27 15:35,仁德交流道-仁德系統交流道,北上,聯結車,36,425.6
2024-02-27 15:35,仁德交流道-仁德系統交流道,南下,小客車,240,
2024-02-27 15:35,仁德交流道-仁德系統交流道,南下,小貨車,106,
2024-02-27 15:35,仁德交流道-仁德系統交流道,南下,大客車,1,
2024-02-27 15:35,仁德交流道-仁德系統交流道,南下,大貨車,34,
2024-02-27 15:35,仁德交流道-仁德系統交流道,南下,聯結車,42,453.8
2024-02-27 15:35,仁德系統交流道-路竹交流道,北上,小客車,208,
2024-02-27 15:35,仁德系統交流道-路竹交流道,北上,小貨車,90,
2024-02-27 15:35,仁德系統交流道-路竹交流道,北上,大客車,2,
2024-02-27 15:35,仁德系統交流道-路竹交流道,北上,大貨車,27,
2024-02-27 15:35,仁德系統交流道-路竹交流道,北上,聯結車,24,372.2
2024-02-27 15:35,仁德系統交流道-路竹交流道,南下,小客車,219,
2024-02-27 15:35,仁德系統交流道-路竹交流道,南下,小貨車,109,
2024-02-27 15:35,仁德系統交流道-路竹交流道,南下,大客車,2,
2024-02-27 15:35,仁德系統交流道-路竹交流道,南下,大貨車,29,
2024-02-27 15:35,仁德系統交流道-路竹交流道,南下,聯結車,44,433.0
2024-02-27 15:35,路竹交流道-高科交流道,北上,小客車,220,
2024-02-27 15:35,路竹交流道-高科交流道,北上,小貨車,99,
2024-02-27 15:35,路竹交流道-高科交流道,北上,大客車,2,
2024-02-27 15:35,路竹交流道-高科交流道,北上,大貨車,24,
2024-02-27 15:35,路竹交流道-高科交流道,北上,聯結車,39,410.0
2024-02-27 15:35,路竹交流道-高科交流道,南下,小客車,191,
2024-02-27 15:35,路竹交流道-高科交流道,南下,小貨車,96,
2024-02-27 15:35,路竹交流道-高科交流道,南下,大客車,1,
2024-02-27 15:35,路竹交流道-高科交流道,南下,大貨車,22,
2024-02-27 15:35,路竹交流道-高科交流道,南下,聯結車,42,378.0
2024-02-27 15:35,高科交流道-岡山交流道,北上,小客車,235,
2024-02-27 15:35,高科交流道-岡山交流道,北上,小貨車,88,
2024-02-27 15:35,高科交流道-岡山交流道,北上,大客車,3,
2024-02-27 15:35,高科交流道-岡山交流道,北上,大貨車,25,
2024-02-27 15:35,高科交流道-岡山交流道,北上,聯結車,40,418.2
2024-02-27 15:35,高科交流道-岡山交流道,南下,小客車,210,
2024-02-27 15:35,高科交流道-岡山交流道,南下,小貨車,114,
2024-02-27 15:35,高科交流道-岡山交流道,南下,大客車,3,
2024-02-27 15:35,高科交流道-岡山交流道,南下,大貨車,31,
2024-02-27 15:35,高科交流道-岡山交流道,南下,聯結車,56,450.0
2024-02-27 15:35,01F3535N,北上,小客車,251,
2024-02-27 15:35,01F3535N,北上,小貨車,116,
2024-02-27 15:35,01F3535N,北上,大客車,4,
2024-02-27 15:35,01F3535N,北上,大貨車,29,
2024-02-27 15:35,01F3535N,北上,聯結車,37,465.0
2024-02-27 15:35,01F3535S,南下,小客車,225,
2024-02-27 15:35,01F3535S,南下,小貨車,127,
2024-02-27 15:35,01F3535S,南下,大客車,11,
2024-02-27 15:35,01F3535S,南下,大貨車,27,
2024-02-27 15:35,01F3535S,南下,聯結車,51,476.6
2024-02-27 15:35,岡山交流道-楠梓交流道,北上,小客車,171,
2024-02-27 15:35,岡山交流道-楠梓交流道,北上,小貨車,71,
2024-02-27 15:35,岡山交流道-楠梓交流道,北上,大客車,1,
2024-02-27 15:35,岡山交流道-楠梓交流道,北上,大貨車,17,
2024-02-27 15:35,岡山交流道-楠梓交流道,北上,聯結車,34,314.8
2024-02-27 15:35,楠梓交流道-鼎金系統交流道,南下,小客車,196,
2024-02-27 15:35,楠梓交流道-鼎金系統交流道,南下,小貨車,96,
2024-02-27 15:35,楠梓交流道-鼎金系統交流道,南下,大客車,8,
2024-02-27 15:35,楠梓交流道-鼎金系統交流道,南下,大貨車,14,
2024-02-27 15:35,楠梓交流道-鼎金系統交流道,南下,聯結車,43,383.0
2024-02-27 15:35,楠梓交流道-鼎金系統交流道,北上,小客車,244,
2024-02-27 15:35,楠梓交流道-鼎金系統交流道,北上,小貨車,114,
2024-02-27 15:35,楠梓交流道-鼎金系統交流道,北上,大客車,1,
2024-02-27 15:35,楠梓交流道-鼎金系統交流道,北上,大貨車,34,
2024-02-27 15:35,楠梓交流道-鼎金系統交流道,北上,聯結車,42,465.8
2024-02-27 15:35,楠梓交流道-鼎金系統交流道,南下,小客車,281,
2024-02-27 15:35,楠梓交流道-鼎金系統交流道,南下,小貨車,106,
2024-02-27 15:35,楠梓交流道-鼎金系統交流道,南下,大客車,9,
2024-02-27 15:35,楠梓交流道-鼎金系統交流道,南下,大貨車,33,
2024-02-27 15:35,楠梓交流道-鼎金系統交流道,南下,聯結車,45,508.8
2024-02-27 15:35,鼎金系統交流道-高雄交流道,北上,小客車,342,
2024-02-27 15:35,鼎金系統交流道-高雄交流道,北上,小貨車,171,
2024-02-27 15:35,鼎金系統交流道-高雄交流道,北上,大客車,1,
2024-02-27 15:35,鼎金系統交流道-高雄交流道,北上,大貨車,36,
2024-02-27 15:35,鼎金系統交流道-高雄交流道,北上,聯結車,43,625.0
2024-02-27 15:35,鼎金系統交流道-高雄交流道,南下,小客車,329,
2024-02-27 15:35,鼎金系統交流道-高雄交流道,南下,小貨車,154,
2024-02-27 15:35,鼎金系統交流道-高雄交流道,南下,大客車,14,
2024-02-27 15:35,鼎金系統交流道-高雄交流道,南下,大貨車,33,
2024-02-27 15:35,鼎金系統交流道-高雄交流道,南下,聯結車,80,660.8
2024-02-27 15:35,高雄交流道-瑞隆路出口匝道,北上,小客車,174,
2024-02-27 15:35,高雄交流道-瑞隆路出口匝道,北上,小貨車,85,
2024-02-27 15:35,高雄交流道-瑞隆路出口匝道,北上,大客車,1,
2024-02-27 15:35,高雄交流道-瑞隆路出口匝道,北上,大貨車,26,
2024-02-27 15:35,高雄交流道-瑞隆路出口匝道,北上,聯結車,46,361.2
2024-02-27 15:35,高雄交流道-瑞隆路出口匝道,南下,小客車,146,
2024-02-27 15:35,高雄交流道-瑞隆路出口匝道,南下,小貨車,97,
2024-02-27 15:35,高雄交流道-瑞隆路出口匝道,南下,大客車,8,
2024-02-27 15:35,高雄交流道-瑞隆路出口匝道,南下,大貨車,32,
2024-02-27 15:35,高雄交流道-瑞隆路出口匝道,南下,聯結車,92,427.8
2024-02-27 15:35,高雄交流道-瑞隆路出口匝道,南下,小客車,219,
2024-02-27 15:35,高雄交流道-瑞隆路出口匝道,南下,小貨車,120,
2024-02-27 15:35,高雄交流道-瑞隆路出口匝道,南下,大客車,6,
2024-02-27 15:35,高雄交流道-瑞隆路出口匝道,南下,大貨車,30,
2024-02-27 15:35,高雄交流道-瑞隆路出口匝道,南下,聯結車,95,522.4
2024-02-27 15:35,瑞隆路出口匝道-五甲系統交流道,北上,小客車,305,
2024-02-27 15:35,瑞隆路出口匝道-五甲系統交流道,北上,小貨車,129,
2024-02-27 15:35,瑞隆路出口匝道-五甲系統交流道,北上,大客車,4,
2024-02-27 15:35,瑞隆路出口匝道-五甲系統交流道,北上,大貨車,29,
2024-02-27 15:35,瑞隆路出口匝道-五甲系統交流道,北上,聯結車,55,557.2
2024-02-27 15:35,五甲交流道-高雄端,北上,小客車,23,
2024-02-27 15:35,五甲交流道-高雄端,北上,小貨車,16,
2024-02-27 15:35,五甲交流道-高雄端,北上,大客車,0,
2024-02-27 15:35,五甲交流道-高雄端,北上,大貨車,3,
2024-02-27 15:35,五甲交流道-高雄端,北上,聯結車,16,65.6
2024-02-27 15:35,五甲交流道-高雄端,南下,小客車,9,
2024-02-27 15:35,五甲交流道-高雄端,南下,小貨車,6,
2024-02-27 15:35,五甲交流道-高雄端,南下,大客車,0,
2024-02-27 15:35,五甲交流道-高雄端,南下,大貨車,2,
2024-02-27 15:35,五甲交流道-高雄端,南下,聯結車,43,78.0
2024-02-27 15:35,汐止端-堤頂交流道,南下,小客車,93,
2024-02-27 15:35,汐止端-堤頂交流道,南下,小貨車,53,
2024-02-27 15:35,汐止端-堤頂交流道,南下,大客車,2,
2024-02-27 15:35,汐止端-堤頂交流道,南下,大貨車,0,
2024-02-27 15:35,汐止端-堤頂交流道,南下,聯結車,0,148.8
2024-02-27 15:35,汐止端-堤頂交流道,北上,小客車,103,
2024-02-27 15:35,汐止端-堤頂交流道,北上,小貨車,52,
2024-02-27 15:35,汐止端-堤頂交流道,北上,大客車,1,
2024-02-27 15:35,汐止端-堤頂交流道,北上,大貨車,0,
2024-02-27 15:35,汐止端-堤頂交流道,北上,聯結車,0,156.4
2024-02-27 15:35,下塔悠出口匝道-環北交流道,北上,小客車,133,
2024-02-27 15:35,下塔悠出口匝道-環北交流道,北上,小貨車,58,
2024-02-27 15:35,下塔悠出口匝道-環北交流道,北上,大客車,1,
2024-02-27 15:35,下塔悠出口匝道-環北交流道,北上,大貨車,0,
2024-02-27 15:35,下塔悠出口匝道-環北交流道,北上,聯結車,0,192.4
2024-02-27 15:35,下塔悠出口匝道-環北交流道,南下,小客車,165,
2024-02-27 15:35,下塔悠出口匝道-環北交流道,南下,小貨車,73,
2024-02-27 15:35,下塔悠出口匝道-環北交流道,南下,大客車,1,
2024-02-27 15:35,下塔悠出口匝道-環北交流道,南下,大貨車,1,
2024-02-27 15:35,下塔悠出口匝道-環北交流道,南下,聯結車,0,240.8
2024-02-27 15:35,下塔悠出口匝道-環北交流道,北上,小客車,175,
2024-02-27 15:35,下塔悠出口匝道-環北交流道,北上,小貨車,73,
2024-02-27 15:35,下塔悠出口匝道-環北交流道,北上,大客車,3,
2024-02-27 15:35,下塔悠出口匝道-環北交流道,北上,大貨車,0,
2024-02-27 15:35,下塔悠出口匝道-環北交流道,北上,聯結車,0,252.2
2024-02-27 15:35,環北交流道-五股轉接道,北上,小客車,272,
2024-02-27 15:35,環北交流道-五股轉接道,北上,小貨車,109,
2024-02-27 15:35,環北交流道-五股轉接道,北上,大客車,3,
2024-02-27 15:35,環北交流道-五股轉接道,北上,大貨車,1,
2024-02-27 15:35,環北交流道-五股轉接道,北上,聯結車,0,386.6
2024-02-27 15:35,環北交流道-五股轉接道,南下,小客車,265,
2024-02-27 15:35,環北交流道-五股轉接道,南下,小貨車,92,
2024-02-27 15:35,環北交流道-五股轉接道,南下,大客車,1,
2024-02-27 15:35,環北交流道-五股轉接道,南下,大貨車,1,
2024-02-27 15:35,環北交流道-五股轉接道,南下,聯結車,0,359.8
2024-02-27 15:35,五股轉接道-泰山轉接道,北上,小客車,99,
2024-02-27 15:35,五股轉接道-泰山轉接道,北上,小貨車,25,
2024-02-27 15:35,五股轉接道-泰山轉接道,北上,大客車,1,
2024-02-27 15:35,五股轉接道-泰山轉接道,北上,大貨車,0,
2024-02-27 15:35,五股轉接道-泰山轉接道,北上,聯結車,0,125.4
2024-02-27 15:35,五股轉接道-泰山轉接道,南下,小客車,81,
2024-02-27 15:35,五股轉接道-泰山轉接道,南下,小貨車,26,
2024-02-27 15:35,五股轉接道-泰山轉接道,南下,大客車,1,
2024-02-27 15:35,五股轉接道-泰山轉接道,南下,大貨車,0,
2024-02-27 15:35,五股轉接道-泰山轉接道,南下,聯結車,0,108.4
2024-02-27 15:35,泰山轉接道-機場系統交流道,北上,小客車,199,
2024-02-27 15:35,泰山轉接道-機場系統交流道,北上,小貨車,63,
2024-02-27 15:35,泰山轉接道-機場系統交流道,北上,大客車,4,
2024-02-27 15:35,泰山轉接道-機場系統交流道,北上,大貨車,0,
2024-02-27 15:35,泰山轉接道-機場系統交流道,北上,聯結車,0,267.6
2024-02-27 15:35,泰山轉接道-機場系統交流道,南下,小客車,181,
2024-02-27 15:35,泰山轉接道-機場系統交流道,南下,小貨車,58,
2024-02-27 15:35,泰山轉接道-機場系統交流道,南下,大客車,7,
2024-02-27 15:35,泰山轉接道-機場系統交流道,南下,大貨車,4,
2024-02-27 15:35,泰山轉接道-機場系統交流道,南下,聯結車,0,254.4
2024-02-27 15:35,機場系統交流道-中壢轉接道,北上,小客車,154,
2024-02-27 15:35,機場系統交流道-中壢轉接道,北上,小貨車,70,
2024-02-27 15:35,機場系統交流道-中壢轉接道,北上,大客車,3,
2024-02-27 15:35,機場系統交流道-中壢轉接道,北上,大貨車,0,
2024-02-27 15:35,機場系統交流道-中壢轉接道,北上,聯結車,0,228.2
2024-02-27 15:35,機場系統交流道-中壢轉接道,南下,小客車,130,
2024-02-27 15:35,機場系統交流道-中壢轉接道,南下,小貨車,58,
2024-02-27 15:35,機場系統交流道-中壢轉接道,南下,大客車,2,
2024-02-27 15:35,機場系統交流道-中壢轉接道,南下,大貨車,0,
2024-02-27 15:35,機場系統交流道-中壢轉接道,南下,聯結車,0,190.8
2024-02-27 15:35,中壢轉接道-校前路交流道,北上,小客車,162,
2024-02-27 15:35,中壢轉接道-校前路交流道,北上,小貨車,67,
2024-02-27 15:35,中壢轉接道-校前路交流道,北上,大客車,6,
2024-02-27 15:35,中壢轉接道-校前路交流道,北上,大貨車,0,
2024-02-27 15:35,中壢轉接道-校前路交流道,北上,聯結車,0,237.4
2024-02-27 15:35,中壢轉接道-校前路交流道,南下,小客車,119,
2024-02-27 15:35,中壢轉接道-校前路交流道,南下,小貨車,33,
2024-02-27 15:35,中壢轉接道-校前路交流道,南下,大客車,5,
2024-02-27 15:35,中壢轉接道-校前路交流道,南下,大貨車,1,
2024-02-27 15:35,中壢轉接道-校前路交流道,南下,聯結車,0,160.4
2024-02-27 15:35,03A0015N,W,小客車,84,
2024-02-27 15:35,03A0015N,W,小貨車,31,
2024-02-27 15:35,03A0015N,W,大客車,4,
2024-02-27 15:35,03A0015N,W,大貨車,2,
2024-02-27 15:35,03A0015N,W,聯結車,0,123.4
2024-02-27 15:35,03A0015S,E,小客車,70,
2024-02-27 15:35,03A0015S,E,小貨車,24,
2024-02-27 15:35,03A0015S,E,大客車,0,
2024-02-27 15:35,03A0015S,E,大貨車,4,
2024-02-27 15:35,03A0015S,E,聯結車,0,99.6
2024-02-27 15:35,03A0041N,W,小客車,126,
2024-02-27 15:35,03A0041N,W,小貨車,48,
2024-02-27 15:35,03A0041N,W,大客車,2,
2024-02-27 15:35,03A0041N,W,大貨車,3,
2024-02-27 15:35,03A0041N,W,聯結車,0,181.0
2024-02-27 15:35,03A0041S,E,小客車,88,
2024-02-27 15:35,03A0041S,E,小貨車,39,
2024-02-27 15:35,03A0041S,E,大客車,3,
2024-02-27 15:35,03A0041S,E,大貨車,7,
2024-02-27 15:35,03A0041S,E,聯結車,1,142.4
2024-02-27 15:35,基金交流道-瑪東系統交流道,南下,小客車,50,
2024-02-27 15:35,基金交流道-瑪東系統交流道,南下,小貨車,23,
2024-02-27 15:35,基金交流道-瑪東系統交流道,南下,大客車,1,
2024-02-27 15:35,基金交流道-瑪東系統交流道,南下,大貨車,3,
2024-02-27 15:35,基金交流道-瑪東系統交流道,南下,聯結車,17,102.4
2024-02-27 15:35,瑪東系統交流道-汐止系統交流道,北上,小客車,62,
2024-02-27 15:35,瑪東系統交流道-汐止系統交流道,北上,小貨車,27,
2024-02-27 15:35,瑪東系統交流道-汐止系統交流道,北上,大客車,0,
2024-02-27 15:35,瑪東系統交流道-汐止系統交流道,北上,大貨車,4,
2024-02-27 15:35,瑪東系統交流道-汐止系統交流道,北上,聯結車,16,117.0
2024-02-27 15:35,瑪東系統交流道-汐止系統交流道,北上,小客車,73,
2024-02-27 15:35,瑪東系統交流道-汐止系統交流道,北上,小貨車,28,
2024-02-27 15:35,瑪東系統交流道-汐止系統交流道,北上,大客車,0,
2024-02-27 15:35,瑪東系統交流道-汐止系統交流道,北上,大貨車,1,
2024-02-27 15:35,瑪東系統交流道-汐止系統交流道,北上,聯結車,7,112.2
2024-02-27 15:35,瑪東系統交流道-汐止系統交流道,南下,小客車,38,
2024-02-27 15:35,瑪東系統交流道-汐止系統交流道,南下,小貨車,10,
2024-02-27 15:35,瑪東系統交流道-汐止系統交流道,南下,大客車,1,
2024-02-27 15:35,瑪東系統交流道-汐止系統交流道,南下,大貨車,2,
2024-02-27 15:35,瑪東系統交流道-汐止系統交流道,南下,聯結車,16,74.6
2024-02-27 15:35,汐止系統交流道-新台五路交流道,北上,小客車,133,
2024-02-27 15:35,汐止系統交流道-新台五路交流道,北上,小貨車,61,
2024-02-27 15:35,汐止系統交流道-新台五路交流道,北上,大客車,0,
2024-02-27 15:35,汐止系統交流道-新台五路交流道,北上,大貨車,5,
2024-02-27 15:35,汐止系統交流道-新台五路交流道,北上,聯結車,12,217.8
2024-02-27 15:35,汐止系統交流道-新台五路交流道,南下,小客車,133,
2024-02-27 15:35,汐止系統交流道-新台五路交流道,南下,小貨車,59,
2024-02-27 15:35,汐止系統交流道-新台五路交流道,南下,大客車,2,
2024-02-27 15:35,汐止系統交流道-新台五路交流道,南下,大貨車,10,
2024-02-27 15:35,汐止系統交流道-新台五路交流道,南下,聯結車,14,228.4
2024-02-27 15:35,新台五路交流道-南港交流道,南下,小客車,165,
2024-02-27 15:35,新台五路交流道-南港交流道,南下,小貨車,72,
2024-02-27 15:35,新台五路交流道-南港交流道,南下,大客車,3,
2024-02-27 15:35,新台五路交流道-南港交流道,南下,大貨車,10,
2024-02-27 15:35,新台五路交流道-南港交流道,南下,聯結車,5,262.2
2024-02-27 15:35,南港交流道-南港系統交流道,北上,小客車,143,
2024-02-27 15:35,南港交流道-南港系統交流道,北上,小貨車,68,
2024-02-27 15:35,南港交流道-南港系統交流道,北上,大客車,0,
2024-02-27 15:35,南港交流道-南港系統交流道,北上,大貨車,12,
2024-02-27 15:35,南港交流道-南港系統交流道,北上,聯結車,6,236.2
2024-02-27 15:35,南港交流道-南港系統交流道,北上,小客車,184,
2024-02-27 15:35,南港交流道-南港系統交流道,北上,小貨車,73,
2024-02-27 15:35,南港交流道-南港系統交流道,北上,大客車,3,
2024-02-27 15:35,南港交流道-南港系統交流道,北上,大貨車,13,
2024-02-27 15:35,南港交流道-南港系統交流道,北上,聯結車,4,285.0
2024-02-27 15:35,南港交流道-南港系統交流道,南下,小客車,210,
2024-02-27 15:35,南港交流道-南港系統交流道,南下,小貨車,99,
2024-02-27 15:35,南港交流道-南港系統交流道,南下,大客車,7,
2024-02-27 15:35,南港交流道-南港系統交流道,南下,大貨車,10,
2024-02-27 15:35,南港交流道-南港系統交流道,南下,聯結車,5,339.8
2024-02-27 15:35,木柵交流道-新店交流道,北上,小客車,173,
2024-02-27 15:35,木柵交流道-新店交流道,北上,小貨車,64,
2024-02-27 15:35,木柵交流道-新店交流道,北上,大客車,5,
2024-02-27 15:35,木柵交流道-新店交流道,北上,大貨車,15,
2024-02-27 15:35,木柵交流道-新店交流道,北上,聯結車,7,274.8
2024-02-27 15:35,木柵交流道-新店交流道,南下,小客車,194,
2024-02-27 15:35,木柵交流道-新店交流道,南下,小貨車,95,
2024-02-27 15:35,木柵交流道-新店交流道,南下,大客車,7,
2024-02-27 15:35,木柵交流道-新店交流道,南下,大貨車,8,
2024-02-27 15:35,木柵交流道-新店交流道,南下,聯結車,5,317.0
2024-02-27 15:35,木柵交流道-新店交流道,北上,小客車,156,
2024-02-27 15:35,木柵交流道-新店交流道,北上,小貨車,82,
2024-02-27 15:35,木柵交流道-新店交流道,北上,大客車,1,
2024-02-27 15:35,木柵交流道-新店交流道,北上,大貨車,10,
2024-02-27 15:35,木柵交流道-新店交流道,北上,聯結車,12,270.2
2024-02-27 15:35,木柵交流道-新店交流道,南下,小客車,196,
2024-02-27 15:35,木柵交流道-新店交流道,南下,小貨車,101,
2024-02-27 15:35,木柵交流道-新店交流道,南下,大客車,3,
2024-02-27 15:35,木柵交流道-新店交流道,南下,大貨車,10,
2024-02-27 15:35,木柵交流道-新店交流道,南下,聯結車,7,325.0
2024-02-27 15:35,新店交流道-安坑交流道,北上,小客車,170,
2024-02-27 15:35,新店交流道-安坑交流道,北上,小貨車,82,
2024-02-27 15:35,新店交流道-安坑交流道,北上,大客車,7,
2024-02-27 15:35,新店交流道-安坑交流道,北上,大貨車,6,
2024-02-27 15:35,新店交流道-安坑交流道,北上,聯結車,7,280.0
2024-02-27 15:35,新店交流道-安坑交流道,南下,小客車,193,
2024-02-27 15:35,新店交流道-安坑交流道,南下,小貨車,106,
2024-02-27 15:35,新店交流道-安坑交流道,南下,大客車,4,
2024-02-27 15:35,新店交流道-安坑交流道,南下,大貨車,10,
2024-02-27 15:35,新店交流道-安坑交流道,南下,聯結車,11,334.0
2024-02-27 15:35,安坑交流道-中和交流道,南下,小客車,274,
2024-02-27 15:35,安坑交流道-中和交流道,南下,小貨車,120,
2024-02-27 15:35,安坑交流道-中和交流道,南下,大客車,2,
2024-02-27 15:35,安坑交流道-中和交流道,南下,大貨車,12,
2024-02-27 15:35,安坑交流道-中和交流道,南下,聯結車,15,434.6
2024-02-27 15:35,安坑交流道-中和交流道,北上,小客車,256,
2024-02-27 15:35,安坑交流道-中和交流道,北上,小貨車,108,
2024-02-27 15:35,安坑交流道-中和交流道,北上,大客車,2,
2024-02-27 15:35,安坑交流道-中和交流道,北上,大貨車,19,
2024-02-27 15:35,安坑交流道-中和交流道,北上,聯結車,15,414.4
2024-02-27 15:35,中和交流道-土城交流道,北上,小客車,280,
2024-02-27 15:35,中和交流道-土城交流道,北上,小貨車,133,
2024-02-27 15:35,中和交流道-土城交流道,北上,大客車,5,
2024-02-27 15:35,中和交流道-土城交流道,北上,大貨車,11,
2024-02-27 15:35,中和交流道-土城交流道,北上,聯結車,11,450.8
2024-02-27 15:35,中和交流道-土城交流道,南下,小客車,282,
2024-02-27 15:35,中和交流道-土城交流道,南下,小貨車,149,
2024-02-27 15:35,中和交流道-土城交流道,南下,大客車,4,
2024-02-27 15:35,中和交流道-土城交流道,南下,大貨車,17,
2024-02-27 15:35,中和交流道-土城交流道,南下,聯結車,16,482.8
2024-02-27 15:35,土城交流道-樹林交流道,北上,小客車,350,
2024-02-27 15:35,土城交流道-樹林交流道,北上,小貨車,159,
2024-02-27 15:35,土城交流道-樹林交流道,北上,大客車,11,
2024-02-27 15:35,土城交流道-樹林交流道,北上,大貨車,27,
2024-02-27 15:35,土城交流道-樹林交流道,北上,聯結車,9,574.8
2024-02-27 15:35,土城交流道-樹林交流道,南下,小客車,329,
2024-02-27 15:35,土城交流道-樹林交流道,南下,小貨車,178,
2024-02-27 15:35,土城交流道-樹林交流道,南下,大客車,4,
2024-02-27 15:35,土城交流道-樹林交流道,南下,大貨車,18,
2024-02-27 15:35,土城交流道-樹林交流道,南下,聯結車,10,551.8
2024-02-27 15:35,樹林交流道-三鶯交流道,北上,小客車,334,
2024-02-27 15:35,樹林交流道-三鶯交流道,北上,小貨車,149,
2024-02-27 15:35,樹林交流道-三鶯交流道,北上,大客車,17,
2024-02-27 15:35,樹林交流道-三鶯交流道,北上,大貨車,29,
2024-02-27 15:35,樹林交流道-三鶯交流道,北上,聯結車,12,564.2
2024-02-27 15:35,樹林交流道-三鶯交流道,南下,小客車,292,
2024-02-27 15:35,樹林交流道-三鶯交流道,南下,小貨車,152,
2024-02-27 15:35,樹林交流道-三鶯交流道,南下,大客車,4,
2024-02-27 15:35,樹林交流道-三鶯交流道,南下,大貨車,17,
2024-02-27 15:35,樹林交流道-三鶯交流道,南下,聯結車,11,488.8
2024-02-27 15:35,三鶯交流道-鶯歌系統交流道,北上,小客車,336,
2024-02-27 15:35,三鶯交流道-鶯歌系統交流道,北上,小貨車,170,
2024-02-27 15:35,三鶯交流道-鶯歌系統交流道,北上,大客車,22,
2024-02-27 15:35,三鶯交流道-鶯歌系統交流道,北上,大貨車,36,
2024-02-27 15:35,三鶯交流道-鶯歌系統交流道,北上,聯結車,14,606.8
2024-02-27 15:35,三鶯交流道-鶯歌系統交流道,南下,小客車,265,
2024-02-27 15:35,三鶯交流道-鶯歌系統交流道,南下,小貨車,135,
2024-02-27 15:35,三鶯交流道-鶯歌系統交流道,南下,大客車,4,
2024-02-27 15:35,三鶯交流道-鶯歌系統交流道,南下,大貨車,19,
2024-02-27 15:35,三鶯交流道-鶯歌系統交流道,南下,聯結車,18,457.4
2024-02-27 15:35,鶯歌系統交流道-大溪交流道,北上,小客車,328,
2024-02-27 15:35,鶯歌系統交流道-大溪交流道,北上,小貨車,152,
2024-02-27 15:35,鶯歌系統交流道-大溪交流道,北上,大客車,18,
2024-02-27 15:35,鶯歌系統交流道-大溪交流道,北上,大貨車,22,
2024-02-27 15:35,鶯歌系統交流道-大溪交流道,北上,聯結車,18,561.2
2024-02-27 15:35,鶯歌系統交流道-大溪交流道,南下,小客車,264,
2024-02-27 15:35,鶯歌系統交流道-大溪交流道,南下,小貨車,107,
2024-02-27 15:35,鶯歌系統交流道-大溪交流道,南下,大客車,4,
2024-02-27 15:35,鶯歌系統交流道-大溪交流道,南下,大貨車,32,
2024-02-27 15:35,鶯歌系統交流道-大溪交流道,南下,聯結車,24,455.0
2024-02-27 15:35,大溪交流道-龍潭交流道,北上,小客車,215,
2024-02-27 15:35,大溪交流道-龍潭交流道,北上,小貨車,104,
2024-02-27 15:35,大溪交流道-龍潭交流道,北上,大客車,5,
2024-02-27 15:35,大溪交流道-龍潭交流道,北上,大貨車,11,
2024-02-27 15:35,大溪交流道-龍潭交流道,北上,聯結車,14,361.0
2024-02-27 15:35,大溪交流道-龍潭交流道,南下,小客車,199,
2024-02-27 15:35,大溪交流道-龍潭交流道,南下,小貨車,71,
2024-02-27 15:35,大溪交流道-龍潭交流道,南下,大客車,3,
2024-02-27 15:35,大溪交流道-龍潭交流道,南下,大貨車,18,
2024-02-27 15:35,大溪交流道-龍潭交流道,南下,聯結車,13,317.6
2024-02-27 15:35,龍潭交流道-高原交流道,北上,小客車,218,
2024-02-27 15:35,龍潭交流道-高原交流道,北上,小貨車,105,
2024-02-27 15:35,龍潭交流道-高原交流道,北上,大客車,3,
2024-02-27 15:35,龍潭交流道-高原交流道,北上,大貨車,20,
2024-02-27 15:35,龍潭交流道-高原交流道,北上,聯結車,10,369.2
2024-02-27 15:35,龍潭交流道-高原交流道,南下,小客車,159,
2024-02-27 15:35,龍潭交流道-高原交流道,南下,小貨車,65,
2024-02-27 15:35,龍潭交流道-高原交流道,南下,大客車,3,
2024-02-27 15:35,龍潭交流道-高原交流道,南下,大貨車,16,
2024-02-27 15:35,龍潭交流道-高原交流道,南下,聯結車,20,278.6
2024-02-27 15:35,高原交流道-關西交流道,北上,小客車,189,
2024-02-27 15:35,高原交流道-關西交流道,北上,小貨車,84,
2024-02-27 15:35,高原交流道-關西交流道,北上,大客車,5,
2024-02-27 15:35,高原交流道-關西交流道,北上,大貨車,12,
2024-02-27 15:35,高原交流道-關西交流道,北上,聯結車,6,305.2
2024-02-27 15:35,高原交流道-關西交流道,南下,小客車,128,
2024-02-27 15:35,高原交流道-關西交流道,南下,小貨車,63,
2024-02-27 15:35,高原交流道-關西交流道,南下,大客車,1,
2024-02-27 15:35,高原交流道-關西交流道,南下,大貨車,17,
2024-02-27 15:35,高原交流道-關西交流道,南下,聯結車,15,237.2
2024-02-27 15:35,高原交流道-關西交流道,北上,小客車,204,
2024-02-27 15:35,高原交流道-關西交流道,北上,小貨車,72,
2024-02-27 15:35,高原交流道-關西交流道,北上,大客車,6,
2024-02-27 15:35,高原交流道-關西交流道,北上,大貨車,12,
2024-02-27 15:35,高原交流道-關西交流道,北上,聯結車,8,312.4
2024-02-27 15:35,高原交流道-關西交流道,南下,小客車,145,
2024-02-27 15:35,高原交流道-關西交流道,南下,小貨車,45,
2024-02-27 15:35,高原交流道-關西交流道,南下,大客車,2,
2024-02-27 15:35,高原交流道-關西交流道,南下,大貨車,17,
2024-02-27 15:35,高原交流道-關西交流道,南下,聯結車,16,239.0
2024-02-27 15:35,關西交流道-竹林交流道,北上,小客車,184,
2024-02-27 15:35,關西交流道-竹林交流道,北上,小貨車,82,
2024-02-27 15:35,關西交流道-竹林交流道,北上,大客車,11,
2024-02-27 15:35,關西交流道-竹林交流道,北上,大貨車,13,
2024-02-27 15:35,關西交流道-竹林交流道,北上,聯結車,16,322.0
2024-02-27 15:35,關西交流道-竹林交流道,南下,小客車,133,
2024-02-27 15:35,關西交流道-竹林交流道,南下,小貨車,50,
2024-02-27 15:35,關西交流道-竹林交流道,南下,大客車,2,
2024-02-27 15:35,關西交流道-竹林交流道,南下,大貨車,21,
2024-02-27 15:35,關西交流道-竹林交流道,南下,聯結車,10,229.2
2024-02-27 15:35,竹林交流道-寶山交流道,北上,小客車,187,
2024-02-27 15:35,竹林交流道-寶山交流道,北上,小貨車,69,
2024-02-27 15:35,竹林交流道-寶山交流道,北上,大客車,2,
2024-02-27 15:35,竹林交流道-寶山交流道,北上,大貨車,29,
2024-02-27 15:35,竹林交流道-寶山交流道,北上,聯結車,11,314.8
2024-02-27 15:35,竹林交流道-寶山交流道,南下,小客車,121,
2024-02-27 15:35,竹林交流道-寶山交流道,南下,小貨車,71,
2024-02-27 15:35,竹林交流道-寶山交流道,南下,大客車,1,
2024-02-27 15:35,竹林交流道-寶山交流道,南下,大貨車,21,
2024-02-27 15:35,竹林交流道-寶山交流道,南下,聯結車,18,248.0
2024-02-27 15:35,寶山交流道-新竹系統交流道,北上,小客車,184,
2024-02-27 15:35,寶山交流道-新竹系統交流道,北上,小貨車,71,
2024-02-27 15:35,寶山交流道-新竹系統交流道,北上,大客車,3,
2024-02-27 15:35,寶山交流道-新竹系統交流道,北上,大貨車,18,
2024-02-27 15:35,寶山交流道-新竹系統交流道,北上,聯結車,9,297.0
2024-02-27 15:35,寶山交流道-新竹系統交流道,南下,小客車,139,
2024-02-27 15:35,寶山交流道-新竹系統交流道,南下,小貨車,80,
2024-02-27 15:35,寶山交流道-新竹系統交流道,南下,大客車,2,
2024-02-27 15:35,寶山交流道-新竹系統交流道,南下,大貨車,20,
2024-02-27 15:35,寶山交流道-新竹系統交流道,南下,聯結車,23,282.0
2024-02-27 15:35,新竹系統交流道-茄苳交流道,北上,小客車,193,
2024-02-27 15:35,新竹系統交流道-茄苳交流道,北上,小貨車,79,
2024-02-27 15:35,新竹系統交流道-茄苳交流道,北上,大客車,2,
2024-02-27 15:35,新竹系統交流道-茄苳交流道,北上,大貨車,20,
2024-02-27 15:35,新竹系統交流道-茄苳交流道,北上,聯結車,19,329.4
2024-02-27 15:35,新竹系統交流道-茄苳交流道,南下,小客車,169,
2024-02-27 15:35,新竹系統交流道-茄苳交流道,南下,小貨車,64,
2024-02-27 15:35,新竹系統交流道-茄苳交流道,南下,大客車,3,
2024-02-27 15:35,新竹系統交流道-茄苳交流道,南下,大貨車,40,
2024-02-27 15:35,新竹系統交流道-茄苳交流道,南下,聯結車,24,326.8
2024-02-27 15:35,茄苳交流道-香山交流道,北上,小客車,194,
2024-02-27 15:35,茄苳交流道-香山交流道,北上,小貨車,74,
2024-02-27 15:35,茄苳交流道-香山交流道,北上,大客車,4,
2024-02-27 15:35,茄苳交流道-香山交流道,北上,大貨車,15,
2024-02-27 15:35,茄苳交流道-香山交流道,北上,聯結車,19,321.2
2024-02-27 15:35,茄苳交流道-香山交流道,南下,小客車,135,
2024-02-27 15:35,茄苳交流道-香山交流道,南下,小貨車,72,
2024-02-27 15:35,茄苳交流道-香山交流道,南下,大客車,4,
2024-02-27 15:35,茄苳交流道-香山交流道,南下,大貨車,35,
2024-02-27 15:35,茄苳交流道-香山交流道,南下,聯結車,26,298.0
2024-02-27 15:35,香山交流道-西濱交流道,北上,小客車,136,
2024-02-27 15:35,香山交流道-西濱交流道,北上,小貨車,62,
2024-02-27 15:35,香山交流道-西濱交流道,北上,大客車,3,
2024-02-27 15:35,香山交流道-西濱交流道,北上,大貨車,19,
2024-02-27 15:35,香山交流道-西濱交流道,北上,聯結車,22,259.6
2024-02-27 15:35,香山交流道-西濱交流道,南下,小客車,103,
2024-02-27 15:35,香山交流道-西濱交流道,南下,小貨車,54,
2024-02-27 15:35,香山交流道-西濱交流道,南下,大客車,1,
2024-02-27 15:35,香山交流道-西濱交流道,南下,大貨車,15,
2024-02-27 15:35,香山交流道-西濱交流道,南下,聯結車,20,207.4
2024-02-27 15:35,西濱交流道-竹南交流道,北上,小客車,124,
2024-02-27 15:35,西濱交流道-竹南交流道,北上,小貨車,68,
2024-02-27 15:35,西濱交流道-竹南交流道,北上,大客車,2,
2024-02-27 15:35,西濱交流道-竹南交流道,北上,大貨車,20,
2024-02-27 15:35,西濱交流道-竹南交流道,北上,聯結車,25,257.8
2024-02-27 15:35,西濱交流道-竹南交流道,南下,小客車,87,
2024-02-27 15:35,西濱交流道-竹南交流道,南下,小貨車,55,
2024-02-27 15:35,西濱交流道-竹南交流道,南下,大客車,2,
2024-02-27 15:35,西濱交流道-竹南交流道,南下,大貨車,23,
2024-02-27 15:35,西濱交流道-竹南交流道,南下,聯結車,21,206.4
2024-02-27 15:35,竹南交流道-大山交流道,北上,小客車,124,
2024-02-27 15:35,竹南交流道-大山交流道,北上,小貨車,71,
2024-02-27 15:35,竹南交流道-大山交流道,北上,大客車,3,
2024-02-27 15:35,竹南交流道-大山交流道,北上,大貨車,14,
2024-02-27 15:35,竹南交流道-大山交流道,北上,聯結車,13,237.0
2024-02-27 15:35,竹南交流道-大山交流道,南下,小客車,112,
2024-02-27 15:35,竹南交流道-大山交流道,南下,小貨車,57,
2024-02-27 15:35,竹南交流道-大山交流道,南下,大客車,0,
2024-02-27 15:35,竹南交流道-大山交流道,南下,大貨車,30,
2024-02-27 15:35,竹南交流道-大山交流道,南下,聯結車,12,227.8
2024-02-27 15:35,大山交流道-後龍交流道,北上,小客車,96,
2024-02-27 15:35,大山交流道-後龍交流道,北上,小貨車,47,
2024-02-27 15:35,大山交流道-後龍交流道,北上,大客車,3,
2024-02-27 15:35,大山交流道-後龍交流道,北上,大貨車,15,
2024-02-27 15:35,大山交流道-後龍交流道,北上,聯結車,9,180.8
2024-02-27 15:35,大山交流道-後龍交流道,南下,小客車,99,
2024-02-27 15:35,大山交流道-後龍交流道,南下,小貨車,56,
2024-02-27 15:35,大山交流道-後龍交流道,南下,大客車,2,
2024-02-27 15:35,大山交流道-後龍交流道,南下,大貨車,31,
2024-02-27 15:35,大山交流道-後龍交流道,南下,聯結車,13,219.4
2024-02-27 15:35,後龍交流道-通霄交流道,北上,小客車,123,
2024-02-27 15:35,後龍交流道-通霄交流道,北上,小貨車,59,
2024-02-27 15:35,後龍交流道-通霄交流道,北上,大客車,0,
2024-02-27 15:35,後龍交流道-通霄交流道,北上,大貨車,17,
2024-02-27 15:35,後龍交流道-通霄交流道,北上,聯結車,8,217.0
2024-02-27 15:35,後龍交流道-通霄交流道,南下,小客車,99,
2024-02-27 15:35,後龍交流道-通霄交流道,南下,小貨車,46,
2024-02-27 15:35,後龍交流道-通霄交流道,南下,大客車,1,
2024-02-27 15:35,後龍交流道-通霄交流道,南下,大貨車,28,
2024-02-27 15:35,後龍交流道-通霄交流道,南下,聯結車,26,222.0
2024-02-27 15:35,後龍交流道-通霄交流道,北上,小客車,107,
2024-02-27 15:35,後龍交流道-通霄交流道,北上,小貨車,62,
2024-02-27 15:35,後龍交流道-通霄交流道,北上,大客車,1,
2024-02-27 15:35,後龍交流道-通霄交流道,北上,大貨車,16,
2024-02-27 15:35,後龍交流道-通霄交流道,北上,聯結車,10,206.8
2024-02-27 15:35,後龍交流道-通霄交流道,南下,小客車,115,
2024-02-27 15:35,後龍交流道-通霄交流道,南下,小貨車,54,
2024-02-27 15:35,後龍交流道-通霄交流道,南下,大客車,15,
2024-02-27 15:35,後龍交流道-通霄交流道,南下,大貨車,18,
2024-02-27 15:35,後龍交流道-通霄交流道,南下,聯結車,19,241.8
2024-02-27 15:35,通霄交流道-苑裡交流道,北上,小客車,114,
2024-02-27 15:35,通霄交流道-苑裡交流道,北上,小貨車,40,
2024-02-27 15:35,通霄交流道-苑裡交流道,北上,大客車,5,
2024-02-27 15:35,通霄交流道-苑裡交流道,北上,大貨車,16,
2024-02-27 15:35,通霄交流道-苑裡交流道,北上,聯結車,15,204.4
2024-02-27 15:35,通霄交流道-苑裡交流道,南下,小客車,99,
2024-02-27 15:35,通霄交流道-苑裡交流道,南下,小貨車,51,
2024-02-27 15:35,通霄交流道-苑裡交流道,南下,大客車,1,
2024-02-27 15:35,通霄交流道-苑裡交流道,南下,大貨車,21,
2024-02-27 15:35,通霄交流道-苑裡交流道,南下,聯結車,19,207.4
2024-02-27 15:35,苑裡交流道-大甲交流道,北上,小客車,126,
2024-02-27 15:35,苑裡交流道-大甲交流道,北上,小貨車,50,
2024-02-27 15:35,苑裡交流道-大甲交流道,北上,大客車,9,
2024-02-27 15:35,苑裡交流道-大甲交流道,北上,大貨車,16,
2024-02-27 15:35,苑裡交流道-大甲交流道,北上,聯結車,6,219.4
2024-02-27 15:35,苑裡交流道-大甲交流道,南下,小客車,119,
2024-02-27 15:35,苑裡交流道-大甲交流道,南下,小貨車,78,
2024-02-27 15:35,苑裡交流道-大甲交流道,南下,大客車,7,
2024-02-27 15:35,苑裡交流道-大甲交流道,南下,大貨車,23,
2024-02-27 15:35,苑裡交流道-大甲交流道,南下,聯結車,25,274.0
2024-02-27 15:35,大甲交流道-中港系統交流道,北上,小客車,147,
2024-02-27 15:35,大甲交流道-中港系統交流道,北上,小貨車,72,
2024-02-27 15:35,大甲交流道-中港系統交流道,北上,大客車,11,
2024-02-27 15:35,大甲交流道-中港系統交流道,北上,大貨車,21,
2024-02-27 15:35,大甲交流道-中港系統交流道,北上,聯結車,8,275.0
2024-02-27 15:35,大甲交流道-中港系統交流道,南下,小客車,151,
2024-02-27 15:35,大甲交流道-中港系統交流道,南下,小貨車,76,
2024-02-27 15:35,大甲交流道-中港系統交流道,南下,大客車,7,
2024-02-27 15:35,大甲交流道-中港系統交流道,南下,大貨車,24,
2024-02-27 15:35,大甲交流道-中港系統交流道,南下,聯結車,20,298.4
2024-02-27 15:35,中港系統交流道-沙鹿交流道,北上,小客車,127,
2024-02-27 15:35,中港系統交流道-沙鹿交流道,北上,小貨車,70,
2024-02-27 15:35,中港系統交流道-沙鹿交流道,北上,大客車,5,
2024-02-27 15:35,中港系統交流道-沙鹿交流道,北上,大貨車,20,
2024-02-27 15:35,中港系統交流道-沙鹿交流道,北上,聯結車,11,247.4
2024-02-27 15:35,中港系統交流道-沙鹿交流道,南下,小客車,106,
2024-02-27 15:35,中港系統交流道-沙鹿交流道,南下,小貨車,65,
2024-02-27 15:35,中港系統交流道-沙鹿交流道,南下,大客車,4,
2024-02-27 15:35,中港系統交流道-沙鹿交流道,南下,大貨車,24,
2024-02-27 15:35,中港系統交流道-沙鹿交流道,南下,聯結車,12,227.0
2024-02-27 15:35,中港系統交流道-沙鹿交流道,北上,小客車,140,
2024-02-27 15:35,中港系統交流道-沙鹿交流道,北上,小貨車,63,
2024-02-27 15:35,中港系統交流道-沙鹿交流道,北上,大客車,2,
2024-02-27 15:35,中港系統交流道-沙鹿交流道,北上,大貨車,24,
2024-02-27 15:35,中港系統交流道-沙鹿交流道,北上,聯結車,12,256.2
2024-02-27 15:35,中港系統交流道-沙鹿交流道,南下,小客車,109,
2024-02-27 15:35,中港系統交流道-沙鹿交流道,南下,小貨車,59,
2024-02-27 15:35,中港系統交流道-沙鹿交流道,南下,大客車,4,
2024-02-27 15:35,中港系統交流道-沙鹿交流道,南下,大貨車,35,
2024-02-27 15:35,中港系統交流道-沙鹿交流道,南下,聯結車,21,252.0
2024-02-27 15:35,沙鹿交流道-龍井交流道,北上,小客車,145,
2024-02-27 15:35,沙鹿交流道-龍井交流道,北上,小貨車,55,
2024-02-27 15:35,沙鹿交流道-龍井交流道,北上,大客車,4,
2024-02-27 15:35,沙鹿交流道-龍井交流道,北上,大貨車,14,
2024-02-27 15:35,沙鹿交流道-龍井交流道,北上,聯結車,18,250.4
2024-02-27 15:35,沙鹿交流道-龍井交流道,南下,小客車,128,
2024-02-27 15:35,沙鹿交流道-龍井交流道,南下,小貨車,54,
2024-02-27 15:35,沙鹿交流道-龍井交流道,南下,大客車,3,
2024-02-27 15:35,沙鹿交流道-龍井交流道,南下,大貨車,36,
2024-02-27 15:35,沙鹿交流道-龍井交流道,南下,聯結車,28,275.8
2024-02-27 15:35,龍井交流道-和美交流道,北上,小客車,165,
2024-02-27 15:35,龍井交流道-和美交流道,北上,小貨車,50,
2024-02-27 15:35,龍井交流道-和美交流道,北上,大客車,7,
2024-02-27 15:35,龍井交流道-和美交流道,北上,大貨車,22,
2024-02-27 15:35,龍井交流道-和美交流道,北上,聯結車,18,280.8
2024-02-27 15:35,龍井交流道-和美交流道,南下,小客車,103,
2024-02-27 15:35,龍井交流道-和美交流道,南下,小貨車,65,
2024-02-27 15:35,龍井交流道-和美交流道,南下,大客車,0,
2024-02-27 15:35,龍井交流道-和美交流道,南下,大貨車,22,
2024-02-27 15:35,龍井交流道-和美交流道,南下,聯結車,19,225.4
2024-02-27 15:35,和美交流道-彰化系統交流道,北上,小客車,168,
2024-02-27 15:35,和美交流道-彰化系統交流道,北上,小貨車,68,
2024-02-27 15:35,和美交流道-彰化系統交流道,北上,大客車,11,
2024-02-27 15:35,和美交流道-彰化系統交流道,北上,大貨車,26,
2024-02-27 15:35,和美交流道-彰化系統交流道,北上,聯結車,29,328.4
2024-02-27 15:35,和美交流道-彰化系統交流道,南下,小客車,161,
2024-02-27 15:35,和美交流道-彰化系統交流道,南下,小貨車,89,
2024-02-27 15:35,和美交流道-彰化系統交流道,南下,大客車,1,
2024-02-27 15:35,和美交流道-彰化系統交流道,南下,大貨車,32,
2024-02-27 15:35,和美交流道-彰化系統交流道,南下,聯結車,33,342.4
2024-02-27 15:35,彰化系統交流道-快官交流道,南下,小客車,133,
2024-02-27 15:35,彰化系統交流道-快官交流道,南下,小貨車,68,
2024-02-27 15:35,彰化系統交流道-快官交流道,南下,大客車,2,
2024-02-27 15:35,彰化系統交流道-快官交流道,南下,大貨車,27,
2024-02-27 15:35,彰化系統交流道-快官交流道,南下,聯結車,19,268.2
2024-02-27 15:35,彰化系統交流道-快官交流道,北上,小客車,133,
2024-02-27 15:35,彰化系統交流道-快官交流道,北上,小貨車,68,
2024-02-27 15:35,彰化系統交流道-快官交流道,北上,大客車,3,
2024-02-27 15:35,彰化系統交流道-快官交流道,北上,大貨車,14,
2024-02-27 15:35,彰化系統交流道-快官交流道,北上,聯結車,15,245.8
2024-02-27 15:35,快官交流道-烏日交流道,北上,小客車,174,
2024-02-27 15:35,快官交流道-烏日交流道,北上,小貨車,89,
2024-02-27 15:35,快官交流道-烏日交流道,北上,大客車,4,
2024-02-27 15:35,快官交流道-烏日交流道,北上,大貨車,20,
2024-02-27 15:35,快官交流道-烏日交流道,北上,聯結車,13,314.8
2024-02-27 15:35,快官交流道-烏日交流道,南下,小客車,185,
2024-02-27 15:35,快官交流道-烏日交流道,南下,小貨車,92,
2024-02-27 15:35,快官交流道-烏日交流道,南下,大客車,7,
2024-02-27 15:35,快官交流道-烏日交流道,南下,大貨車,23,
2024-02-27 15:35,快官交流道-烏日交流道,南下,聯結車,13,337.2
2024-02-27 15:35,烏日交流道-中投交流道,北上,小客車,187,
2024-02-27 15:35,烏日交流道-中投交流道,北上,小貨車,98,
2024-02-27 15:35,烏日交流道-中投交流道,北上,大客車,5,
2024-02-27 15:35,烏日交流道-中投交流道,北上,大貨車,24,
2024-02-27 15:35,烏日交流道-中投交流道,北上,聯結車,12,342.4
2024-02-27 15:35,烏日交流道-中投交流道,南下,小客車,195,
2024-02-27 15:35,烏日交流道-中投交流道,南下,小貨車,90,
2024-02-27 15:35,烏日交流道-中投交流道,南下,大客車,6,
2024-02-27 15:35,烏日交流道-中投交流道,南下,大貨車,16,
2024-02-27 15:35,烏日交流道-中投交流道,南下,聯結車,12,332.6
2024-02-27 15:35,中投交流道-霧峰交流道,北上,小客車,250,
2024-02-27 15:35,中投交流道-霧峰交流道,北上,小貨車,81,
2024-02-27 15:35,中投交流道-霧峰交流道,北上,大客車,7,
2024-02-27 15:35,中投交流道-霧峰交流道,北上,大貨車,19,
2024-02-27 15:35,中投交流道-霧峰交流道,北上,聯結車,14,387.0
2024-02-27 15:35,中投交流道-霧峰交流道,南下,小客車,199,
2024-02-27 15:35,中投交流道-霧峰交流道,南下,小貨車,82,
2024-02-27 15:35,中投交流道-霧峰交流道,南下,大客車,1,
2024-02-27 15:35,中投交流道-霧峰交流道,南下,大貨車,14,
2024-02-27 15:35,中投交流道-霧峰交流道,南下,聯結車,14,321.6
2024-02-27 15:35,霧峰交流道-霧峰系統交流道,北上,小客車,354,
2024-02-27 15:35,霧峰交流道-霧峰系統交流道,北上,小貨車,116,
2024-02-27 15:35,霧峰交流道-霧峰系統交流道,北上,大客車,13,
2024-02-27 15:35,霧峰交流道-霧峰系統交流道,北上,大貨車,20,
2024-02-27 15:35,霧峰交流道-霧峰系統交流道,北上,聯結車,13,534.4
2024-02-27 15:35,霧峰交流道-霧峰系統交流道,南下,小客車,231,
2024-02-27 15:35,霧峰交流道-霧峰系統交流道,南下,小貨車,81,
2024-02-27 15:35,霧峰交流道-霧峰系統交流道,南下,大客車,1,
2024-02-27 15:35,霧峰交流道-霧峰系統交流道,南下,大貨車,21,
2024-02-27 15:35,霧峰交流道-霧峰系統交流道,南下,聯結車,11,358.2
2024-02-27 15:35,霧峰系統交流道-草屯交流道,南下,小客車,228,
2024-02-27 15:35,霧峰系統交流道-草屯交流道,南下,小貨車,70,
2024-02-27 15:35,霧峰系統交流道-草屯交流道,南下,大客車,4,
2024-02-27 15:35,霧峰系統交流道-草屯交流道,南下,大貨車,27,
2024-02-27 15:35,霧峰系統交流道-草屯交流道,南下,聯結車,9,354.0
2024-02-27 15:35,霧峰系統交流道-草屯交流道,北上,小客車,283,
2024-02-27 15:35,霧峰系統交流道-草屯交流道,北上,小貨車,95,
2024-02-27 15:35,霧峰系統交流道-草屯交流道,北上,大客車,15,
2024-02-27 15:35,霧峰系統交流道-草屯交流道,北上,大貨車,22,
2024-02-27 15:35,霧峰系統交流道-草屯交流道,北上,聯結車,9,442.4
2024-02-27 15:35,草屯交流道-中興系統交流道,北上,小客車,256,
2024-02-27 15:35,草屯交流道-中興系統交流道,北上,小貨車,98,
2024-02-27 15:35,草屯交流道-中興系統交流道,北上,大客車,15,
2024-02-27 15:35,草屯交流道-中興系統交流道,北上,大貨車,15,
2024-02-27 15:35,草屯交流道-中興系統交流道,北上,聯結車,4,401.6
2024-02-27 15:35,草屯交流道-中興系統交流道,南下,小客車,193,
2024-02-27 15:35,草屯交流道-中興系統交流道,南下,小貨車,71,
2024-02-27 15:35,草屯交流道-中興系統交流道,南下,大客車,7,
2024-02-27 15:35,草屯交流道-中興系統交流道,南下,大貨車,23,
2024-02-27 15:35,草屯交流道-中興系統交流道,南下,聯結車,9,318.6
2024-02-27 15:35,中興系統交流道-中興交流道,北上,小客車,221,
2024-02-27 15:35,中興系統交流道-中興交流道,北上,小貨車,87,
2024-02-27 15:35,中興系統交流道-中興交流道,北上,大客車,14,
2024-02-27 15:35,中興系統交流道-中興交流道,北上,大貨車,18,
2024-02-27 15:35,中興系統交流道-中興交流道,北上,聯結車,6,361.2
2024-02-27 15:35,中興系統交流道-中興交流道,南下,小客車,152,
2024-02-27 15:35,中興系統交流道-中興交流道,南下,小貨車,54,
2024-02-27 15:35,中興系統交流道-中興交流道,南下,大客車,16,
2024-02-27 15:35,中興系統交流道-中興交流道,南下,大貨車,14,
2024-02-27 15:35,中興系統交流道-中興交流道,南下,聯結車,5,255.0
2024-02-27 15:35,中興交流道-南投交流道,北上,小客車,220,
2024-02-27 15:35,中興交流道-南投交流道,北上,小貨車,74,
2024-02-27 15:35,中興交流道-南投交流道,北上,大客車,9,
2024-02-27 15:35,中興交流道-南投交流道,北上,大貨車,11,
2024-02-27 15:35,中興交流道-南投交流道,北上,聯結車,4,327.6
2024-02-27 15:35,中興交流道-南投交流道,南下,小客車,131,
2024-02-27 15:35,中興交流道-南投交流道,南下,小貨車,50,
2024-02-27 15:35,中興交流道-南投交流道,南下,大客車,13,
2024-02-27 15:35,中興交流道-南投交流道,南下,大貨車,12,
2024-02-27 15:35,中興交流道-南投交流道,南下,聯結車,5,223.0
2024-02-27 15:35,南投交流道-名間交流道,北上,小客車,169,
2024-02-27 15:35,南投交流道-名間交流道,北上,小貨車,58,
2024-02-27 15:35,南投交流道-名間交流道,北上,大客車,7,
2024-02-27 15:35,南投交流道-名間交流道,北上,大貨車,9,
2024-02-27 15:35,南投交流道-名間交流道,北上,聯結車,1,250.8
2024-02-27 15:35,南投交流道-名間交流道,南下,小客車,111,
2024-02-27 15:35,南投交流道-名間交流道,南下,小貨車,46,
2024-02-27 15:35,南投交流道-名間交流道,南下,大客車,4,
2024-02-27 15:35,南投交流道-名間交流道,南下,大貨車,12,
2024-02-27 15:35,南投交流道-名間交流道,南下,聯結車,10,193.4
2024-02-27 15:35,南投交流道-名間交流道,北上,小客車,176,
2024-02-27 15:35,南投交流道-名間交流道,北上,小貨車,63,
2024-02-27 15:35,南投交流道-名間交流道,北上,大客車,12,
2024-02-27 15:35,南投交流道-名間交流道,北上,大貨車,11,
2024-02-27 15:35,南投交流道-名間交流道,北上,聯結車,7,281.0
2024-02-27 15:35,南投交流道-名間交流道,南下,小客車,124,
2024-02-27 15:35,南投交流道-名間交流道,南下,小貨車,55,
2024-02-27 15:35,南投交流道-名間交流道,南下,大客車,0,
2024-02-27 15:35,南投交流道-名間交流道,南下,大貨車,12,
2024-02-27 15:35,南投交流道-名間交流道,南下,聯結車,10,209.8
2024-02-27 15:35,名間交流道-竹山交流道,北上,小客車,124,
2024-02-27 15:35,名間交流道-竹山交流道,北上,小貨車,53,
2024-02-27 15:35,名間交流道-竹山交流道,北上,大客車,17,
2024-02-27 15:35,名間交流道-竹山交流道,北上,大貨車,6,
2024-02-27 15:35,名間交流道-竹山交流道,北上,聯結車,7,219.0
2024-02-27 15:35,名間交流道-竹山交流道,南下,小客車,115,
2024-02-27 15:35,名間交流道-竹山交流道,南下,小貨車,35,
2024-02-27 15:35,名間交流道-竹山交流道,南下,大客車,2,
2024-02-27 15:35,名間交流道-竹山交流道,南下,大貨車,11,
2024-02-27 15:35,名間交流道-竹山交流道,南下,聯結車,7,178.0
2024-02-27 15:35,竹山交流道-南雲交流道,北上,小客車,106,
2024-02-27 15:35,竹山交流道-南雲交流道,北上,小貨車,43,
2024-02-27 15:35,竹山交流道-南雲交流道,北上,大客車,1,
2024-02-27 15:35,竹山交流道-南雲交流道,北上,大貨車,4,
2024-02-27 15:35,竹山交流道-南雲交流道,北上,聯結車,3,160.2
2024-02-27 15:35,竹山交流道-南雲交流道,南下,小客車,84,
2024-02-27 15:35,竹山交流道-南雲交流道,南下,小貨車,28,
2024-02-27 15:35,竹山交流道-南雲交流道,南下,大客車,8,
2024-02-27 15:35,竹山交流道-南雲交流道,南下,大貨車,8,
2024-02-27 15:35,竹山交流道-南雲交流道,南下,聯結車,7,144.2
2024-02-27 15:35,南雲交流道-斗六交流道,北上,小客車,103,
2024-02-27 15:35,南雲交流道-斗六交流道,北上,小貨車,34,
2024-02-27 15:35,南雲交流道-斗六交流道,北上,大客車,1,
2024-02-27 15:35,南雲交流道-斗六交流道,北上,大貨車,6,
2024-02-27 15:35,南雲交流道-斗六交流道,北上,聯結車,1,148.2
2024-02-27 15:35,南雲交流道-斗六交流道,南下,小客車,74,
2024-02-27 15:35,南雲交流道-斗六交流道,南下,小貨車,40,
2024-02-27 15:35,南雲交流道-斗六交流道,南下,大客車,4,
2024-02-27 15:35,南雲交流道-斗六交流道,南下,大貨車,5,
2024-02-27 15:35,南雲交流道-斗六交流道,南下,聯結車,5,133.6
2024-02-27 15:35,斗六交流道-古坑系統交流道,北上,小客車,91,
2024-02-27 15:35,斗六交流道-古坑系統交流道,北上,小貨車,33,
2024-02-27 15:35,斗六交流道-古坑系統交流道,北上,大客車,11,
2024-02-27 15:35,斗六交流道-古坑系統交流道,北上,大貨車,9,
2024-02-27 15:35,斗六交流道-古坑系統交流道,北上,聯結車,6,160.4
2024-02-27 15:35,斗六交流道-古坑系統交流道,南下,小客車,90,
2024-02-27 15:35,斗六交流道-古坑系統交流道,南下,小貨車,35,
2024-02-27 15:35,斗六交流道-古坑系統交流道,南下,大客車,6,
2024-02-27 15:35,斗六交流道-古坑系統交流道,南下,大貨車,10,
2024-02-27 15:35,斗六交流道-古坑系統交流道,南下,聯結車,2,150.2
2024-02-27 15:35,古坑系統交流道-古坑交流道,北上,小客車,85,
2024-02-27 15:35,古坑系統交流道-古坑交流道,北上,小貨車,34,
2024-02-27 15:35,古坑系統交流道-古坑交流道,北上,大客車,2,
2024-02-27 15:35,古坑系統交流道-古坑交流道,北上,大貨車,14,
2024-02-27 15:35,古坑系統交流道-古坑交流道,北上,聯結車,6,149.8
2024-02-27 15:35,古坑系統交流道-古坑交流道,南下,小客車,82,
2024-02-27 15:35,古坑系統交流道-古坑交流道,南下,小貨車,22,
2024-02-27 15:35,古坑系統交流道-古坑交流道,南下,大客車,3,
2024-02-27 15:35,古坑系統交流道-古坑交流道,南下,大貨車,13,
2024-02-27 15:35,古坑系統交流道-古坑交流道,南下,聯結車,5,133.4
2024-02-27 15:35,古坑交流道-梅山交流道,北上,小客車,76,
2024-02-27 15:35,古坑交流道-梅山交流道,北上,小貨車,35,
2024-02-27 15:35,古坑交流道-梅山交流道,北上,大客車,3,
2024-02-27 15:35,古坑交流道-梅山交流道,北上,大貨車,8,
2024-02-27 15:35,古坑交流道-梅山交流道,北上,聯結車,4,132.0
2024-02-27 15:35,古坑交流道-梅山交流道,南下,小客車,78,
2024-02-27 15:35,古坑交流道-梅山交流道,南下,小貨車,26,
2024-02-27 15:35,古坑交流道-梅山交流道,南下,大客車,5,
2024-02-27 15:35,古坑交流道-梅山交流道,南下,大貨車,9,
2024-02-27 15:35,古坑交流道-梅山交流道,南下,聯結車,4,129.2
2024-02-27 15:35,古坑交流道-梅山交流道,北上,小客車,73,
2024-02-27 15:35,古坑交流道-梅山交流道,北上,小貨車,42,
2024-02-27 15:35,古坑交流道-梅山交流道,北上,大客車,2,
2024-02-27 15:35,古坑交流道-梅山交流道,北上,大貨車,10,
2024-02-27 15:35,古坑交流道-梅山交流道,北上,聯結車,6,140.2
2024-02-27 15:35,古坑交流道-梅山交流道,南下,小客車,78,
2024-02-27 15:35,古坑交流道-梅山交流道,南下,小貨車,32,
2024-02-27 15:35,古坑交流道-梅山交流道,南下,大客車,3,
2024-02-27 15:35,古坑交流道-梅山交流道,南下,大貨車,6,
2024-02-27 15:35,古坑交流道-梅山交流道,南下,聯結車,4,128.2
2024-02-27 15:35,梅山交流道-竹崎交流道,北上,小客車,82,
2024-02-27 15:35,梅山交流道-竹崎交流道,北上,小貨車,41,
2024-02-27 15:35,梅山交流道-竹崎交流道,北上,大客車,1,
2024-02-27 15:35,梅山交流道-竹崎交流道,北上,大貨車,14,
2024-02-27 15:35,梅山交流道-竹崎交流道,北上,聯結車,7,153.8
2024-02-27 15:35,梅山交流道-竹崎交流道,南下,小客車,99,
2024-02-27 15:35,梅山交流道-竹崎交流道,南下,小貨車,52,
2024-02-27 15:35,梅山交流道-竹崎交流道,南下,大客車,5,
2024-02-27 15:35,梅山交流道-竹崎交流道,南下,大貨車,9,
2024-02-27 15:35,梅山交流道-竹崎交流道,南下,聯結車,3,174.8
2024-02-27 15:35,梅山交流道-竹崎交流道,北上,小客車,66,
2024-02-27 15:35,梅山交流道-竹崎交流道,北上,小貨車,30,
2024-02-27 15:35,梅山交流道-竹崎交流道,北上,大客車,3,
2024-02-27 15:35,梅山交流道-竹崎交流道,北上,大貨車,10,
2024-02-27 15:35,梅山交流道-竹崎交流道,北上,聯結車,2,117.0
2024-02-27 15:35,梅山交流道-竹崎交流道,南下,小客車,50,
2024-02-27 15:35,梅山交流道-竹崎交流道,南下,小貨車,33,
2024-02-27 15:35,梅山交流道-竹崎交流道,南下,大客車,5,
2024-02-27 15:35,梅山交流道-竹崎交流道,南下,大貨車,6,
2024-02-27 15:35,梅山交流道-竹崎交流道,南下,聯結車,1,99.8
2024-02-27 15:35,竹崎交流道-中埔交流道,北上,小客車,85,
2024-02-27 15:35,竹崎交流道-中埔交流道,北上,小貨車,38,
2024-02-27 15:35,竹崎交流道-中埔交流道,北上,大客車,3,
2024-02-27 15:35,竹崎交流道-中埔交流道,北上,大貨車,12,
2024-02-27 15:35,竹崎交流道-中埔交流道,北上,聯結車,2,146.8
2024-02-27 15:35,竹崎交流道-中埔交流道,南下,小客車,77,
2024-02-27 15:35,竹崎交流道-中埔交流道,南下,小貨車,45,
2024-02-27 15:35,竹崎交流道-中埔交流道,南下,大客車,5,
2024-02-27 15:35,竹崎交流道-中埔交流道,南下,大貨車,10,
2024-02-27 15:35,竹崎交流道-中埔交流道,南下,聯結車,4,148.6
2024-02-27 15:35,中埔交流道-水上系統交流道,北上,小客車,91,
2024-02-27 15:35,中埔交流道-水上系統交流道,北上,小貨車,36,
2024-02-27 15:35,中埔交流道-水上系統交流道,北上,大客車,8,
2024-02-27 15:35,中埔交流道-水上系統交流道,北上,大貨車,10,
2024-02-27 15:35,中埔交流道-水上系統交流道,北上,聯結車,4,157.8
2024-02-27 15:35,中埔交流道-水上系統交流道,南下,小客車,99,
2024-02-27 15:35,中埔交流道-水上系統交流道,南下,小貨車,42,
2024-02-27 15:35,中埔交流道-水上系統交流道,南下,大客車,1,
2024-02-27 15:35,中埔交流道-水上系統交流道,南下,大貨車,5,
2024-02-27 15:35,中埔交流道-水上系統交流道,南下,聯結車,5,156.4
2024-02-27 15:35,水上系統交流道-白河交流道,北上,小客車,61,
2024-02-27 15:35,水上系統交流道-白河交流道,北上,小貨車,33,
2024-02-27 15:35,水上系統交流道-白河交流道,北上,大客車,0,
2024-02-27 15:35,水上系統交流道-白河交流道,北上,大貨車,5,
2024-02-27 15:35,水上系統交流道-白河交流道,北上,聯結車,4,106.6
2024-02-27 15:35,水上系統交流道-白河交流道,南下,小客車,81,
2024-02-27 15:35,水上系統交流道-白河交流道,南下,小貨車,41,
2024-02-27 15:35,水上系統交流道-白河交流道,南下,大客車,1,
2024-02-27 15:35,水上系統交流道-白河交流道,南下,大貨車,6,
2024-02-27 15:35,水上系統交流道-白河交流道,南下,聯結車,2,134.6
2024-02-27 15:35,白河交流道-柳營交流道,北上,小客車,90,
2024-02-27 15:35,白河交流道-柳營交流道,北上,小貨車,28,
2024-02-27 15:35,白河交流道-柳營交流道,北上,大客車,2,
2024-02-27 15:35,白河交流道-柳營交流道,北上,大貨車,7,
2024-02-27 15:35,白河交流道-柳營交流道,北上,聯結車,8,141.8
2024-02-27 15:35,白河交流道-柳營交流道,南下,小客車,89,
2024-02-27 15:35,白河交流道-柳營交流道,南下,小貨車,33,
2024-02-27 15:35,白河交流道-柳營交流道,南下,大客車,1,
2024-02-27 15:35,白河交流道-柳營交流道,南下,大貨車,15,
2024-02-27 15:35,白河交流道-柳營交流道,南下,聯結車,4,150.0
2024-02-27 15:35,白河交流道-柳營交流道,北上,小客車,88,
2024-02-27 15:35,白河交流道-柳營交流道,北上,小貨車,23,
2024-02-27 15:35,白河交流道-柳營交流道,北上,大客車,3,
2024-02-27 15:35,白河交流道-柳營交流道,北上,大貨車,4,
2024-02-27 15:35,白河交流道-柳營交流道,北上,聯結車,8,132.0
2024-02-27 15:35,白河交流道-柳營交流道,南下,小客車,79,
2024-02-27 15:35,白河交流道-柳營交流道,南下,小貨車,35,
2024-02-27 15:35,白河交流道-柳營交流道,南下,大客車,4,
2024-02-27 15:35,白河交流道-柳營交流道,南下,大貨車,10,
2024-02-27 15:35,白河交流道-柳營交流道,南下,聯結車,7,143.4
2024-02-27 15:35,柳營交流道-烏山頭交流道,北上,小客車,83,
2024-02-27 15:35,柳營交流道-烏山頭交流道,北上,小貨車,30,
2024-02-27 15:35,柳營交流道-烏山頭交流道,北上,大客車,4,
2024-02-27 15:35,柳營交流道-烏山頭交流道,北上,大貨車,10,
2024-02-27 15:35,柳營交流道-烏山頭交流道,北上,聯結車,7,142.4
2024-02-27 15:35,柳營交流道-烏山頭交流道,南下,小客車,90,
2024-02-27 15:35,柳營交流道-烏山頭交流道,南下,小貨車,41,
2024-02-27 15:35,柳營交流道-烏山頭交流道,南下,大客車,8,
2024-02-27 15:35,柳營交流道-烏山頭交流道,南下,大貨車,8,
2024-02-27 15:35,柳營交流道-烏山頭交流道,南下,聯結車,7,163.2
2024-02-27 15:35,烏山頭交流道-官田系統交流道,北上,小客車,75,
2024-02-27 15:35,烏山頭交流道-官田系統交流道,北上,小貨車,34,
2024-02-27 15:35,烏山頭交流道-官田系統交流道,北上,大客車,5,
2024-02-27 15:35,烏山頭交流道-官田系統交流道,北上,大貨車,14,
2024-02-27 15:35,烏山頭交流道-官田系統交流道,北上,聯結車,8,146.8
2024-02-27 15:35,烏山頭交流道-官田系統交流道,南下,小客車,113,
2024-02-27 15:35,烏山頭交流道-官田系統交流道,南下,小貨車,46,
2024-02-27 15:35,烏山頭交流道-官田系統交流道,南下,大客車,4,
2024-02-27 15:35,烏山頭交流道-官田系統交流道,南下,大貨車,9,
2024-02-27 15:35,烏山頭交流道-官田系統交流道,南下,聯結車,11,192.6
2024-02-27 15:35,官田系統交流道-善化交流道,北上,小客車,100,
2024-02-27 15:35,官田系統交流道-善化交流道,北上,小貨車,36,
2024-02-27 15:35,官田系統交流道-善化交流道,北上,大客車,4,
2024-02-27 15:35,官田系統交流道-善化交流道,北上,大貨車,19,
2024-02-27 15:35,官田系統交流道-善化交流道,北上,聯結車,6,176.6
2024-02-27 15:35,官田系統交流道-善化交流道,南下,小客車,118,
2024-02-27 15:35,官田系統交流道-善化交流道,南下,小貨車,47,
2024-02-27 15:35,官田系統交流道-善化交流道,南下,大客車,6,
2024-02-27 15:35,官田系統交流道-善化交流道,南下,大貨車,10,
2024-02-27 15:35,官田系統交流道-善化交流道,南下,聯結車,12,204.2
2024-02-27 15:35,善化交流道-新化系統交流道,北上,小客車,95,
2024-02-27 15:35,善化交流道-新化系統交流道,北上,小貨車,38,
2024-02-27 15:35,善化交流道-新化系統交流道,北上,大客車,0,
2024-02-27 15:35,善化交流道-新化系統交流道,北上,大貨車,13,
2024-02-27 15:35,善化交流道-新化系統交流道,北上,聯結車,12,168.0
2024-02-27 15:35,善化交流道-新化系統交流道,南下,小客車,116,
2024-02-27 15:35,善化交流道-新化系統交流道,南下,小貨車,55,
2024-02-27 15:35,善化交流道-新化系統交流道,南下,大客車,1,
2024-02-27 15:35,善化交流道-新化系統交流道,南下,大貨車,9,
2024-02-27 15:35,善化交流道-新化系統交流道,南下,聯結車,17,208.8
2024-02-27 15:35,新化系統交流道-關廟交流道,北上,小客車,89,
2024-02-27 15:35,新化系統交流道-關廟交流道,北上,小貨車,37,
2024-02-27 15:35,新化系統交流道-關廟交流道,北上,大客車,2,
2024-02-27 15:35,新化系統交流道-關廟交流道,北上,大貨車,15,
2024-02-27 15:35,新化系統交流道-關廟交流道,北上,聯結車,13,168.0
2024-02-27 15:35,新化系統交流道-關廟交流道,南下,小客車,110,
2024-02-27 15:35,新化系統交流道-關廟交流道,南下,小貨車,46,
2024-02-27 15:35,新化系統交流道-關廟交流道,南下,大客車,1,
2024-02-27 15:35,新化系統交流道-關廟交流道,南下,大貨車,13,
2024-02-27 15:35,新化系統交流道-關廟交流道,南下,聯結車,13,193.8
2024-02-27 15:35,關廟交流道-田寮交流道,北上,小客車,93,
2024-02-27 15:35,關廟交流道-田寮交流道,北上,小貨車,36,
2024-02-27 15:35,關廟交流道-田寮交流道,北上,大客車,2,
2024-02-27 15:35,關廟交流道-田寮交流道,北上,大貨車,12,
2024-02-27 15:35,關廟交流道-田寮交流道,北上,聯結車,23,180.8
2024-02-27 15:35,關廟交流道-田寮交流道,南下,小客車,82,
2024-02-27 15:35,關廟交流道-田寮交流道,南下,小貨車,48,
2024-02-27 15:35,關廟交流道-田寮交流道,南下,大客車,1,
2024-02-27 15:35,關廟交流道-田寮交流道,南下,大貨車,7,
2024-02-27 15:35,關廟交流道-田寮交流道,南下,聯結車,17,165.0
2024-02-27 15:35,關廟交流道-田寮交流道,北上,小客車,79,
2024-02-27 15:35,關廟交流道-田寮交流道,北上,小貨車,35,
2024-02-27 15:35,關廟交流道-田寮交流道,北上,大客車,3,
2024-02-27 15:35,關廟交流道-田寮交流道,北上,大貨車,8,
2024-02-27 15:35,關廟交流道-田寮交流道,北上,聯結車,24,163.0
2024-02-27 15:35,關廟交流道-田寮交流道,南下,小客車,88,
2024-02-27 15:35,關廟交流道-田寮交流道,南下,小貨車,41,
2024-02-27 15:35,關廟交流道-田寮交流道,南下,大客車,2,
2024-02-27 15:35,關廟交流道-田寮交流道,南下,大貨車,22,
2024-02-27 15:35,關廟交流道-田寮交流道,南下,聯結車,19,189.2
2024-02-27 15:35,田寮交流道-燕巢系統交流道,北上,小客車,84,
2024-02-27 15:35,田寮交流道-燕巢系統交流道,北上,小貨車,29,
2024-02-27 15:35,田寮交流道-燕巢系統交流道,北上,大客車,3,
2024-02-27 15:35,田寮交流道-燕巢系統交流道,北上,大貨車,12,
2024-02-27 15:35,田寮交流道-燕巢系統交流道,北上,聯結車,14,153.6
2024-02-27 15:35,田寮交流道-燕巢系統交流道,南下,小客車,93,
2024-02-27 15:35,田寮交流道-燕巢系統交流道,南下,小貨車,52,
2024-02-27 15:35,田寮交流道-燕巢系統交流道,南下,大客車,3,
2024-02-27 15:35,田寮交流道-燕巢系統交流道,南下,大貨車,15,
2024-02-27 15:35,田寮交流道-燕巢系統交流道,南下,聯結車,24,203.8
2024-02-27 15:35,燕巢系統交流道-九如交流道,北上,小客車,98,
2024-02-27 15:35,燕巢系統交流道-九如交流道,北上,小貨車,42,
2024-02-27 15:35,燕巢系統交流道-九如交流道,北上,大客車,0,
2024-02-27 15:35,燕巢系統交流道-九如交流道,北上,大貨車,14,
2024-02-27 15:35,燕巢系統交流道-九如交流道,北上,聯結車,8,170.8
2024-02-27 15:35,燕巢系統交流道-九如交流道,南下,小客車,76,
2024-02-27 15:35,燕巢系統交流道-九如交流道,南下,小貨車,31,
2024-02-27 15:35,燕巢系統交流道-九如交流道,南下,大客車,1,
2024-02-27 15:35,燕巢系統交流道-九如交流道,南下,大貨車,15,
2024-02-27 15:35,燕巢系統交流道-九如交流道,南下,聯結車,4,135.0
2024-02-27 15:35,九如交流道-屏東交流道,北上,小客車,80,
2024-02-27 15:35,九如交流道-屏東交流道,北上,小貨車,26,
2024-02-27 15:35,九如交流道-屏東交流道,北上,大客車,3,
2024-02-27 15:35,九如交流道-屏東交流道,北上,大貨車,11,
2024-02-27 15:35,九如交流道-屏東交流道,北上,聯結車,6,134.0
2024-02-27 15:35,九如交流道-屏東交流道,南下,小客車,70,
2024-02-27 15:35,九如交流道-屏東交流道,南下,小貨車,26,
2024-02-27 15:35,九如交流道-屏東交流道,南下,大客車,1,
2024-02-27 15:35,九如交流道-屏東交流道,南下,大貨車,11,
2024-02-27 15:35,九如交流道-屏東交流道,南下,聯結車,4,118.4
2024-02-27 15:35,屏東交流道-長治交流道,南下,小客車,62,
2024-02-27 15:35,屏東交流道-長治交流道,南下,小貨車,28,
2024-02-27 15:35,屏東交流道-長治交流道,南下,大客車,1,
2024-02-27 15:35,屏東交流道-長治交流道,南下,大貨車,8,
2024-02-27 15:35,屏東交流道-長治交流道,南下,聯結車,4,108.2
2024-02-27 15:35,屏東交流道-長治交流道,北上,小客車,66,
2024-02-27 15:35,屏東交流道-長治交流道,北上,小貨車,25,
2024-02-27 15:35,屏東交流道-長治交流道,北上,大客車,0,
2024-02-27 15:35,屏東交流道-長治交流道,北上,大貨車,7,
2024-02-27 15:35,屏東交流道-長治交流道,北上,聯結車,2,103.6
2024-02-27 15:35,長治交流道-麟洛交流道,南下,小客車,58,
2024-02-27 15:35,長治交流道-麟洛交流道,南下,小貨車,27,
2024-02-27 15:35,長治交流道-麟洛交流道,南下,大客車,5,
2024-02-27 15:35,長治交流道-麟洛交流道,南下,大貨車,10,
2024-02-27 15:35,長治交流道-麟洛交流道,南下,聯結車,7,115.8
2024-02-27 15:35,長治交流道-麟洛交流道,北上,小客車,63,
2024-02-27 15:35,長治交流道-麟洛交流道,北上,小貨車,34,
2024-02-27 15:35,長治交流道-麟洛交流道,北上,大客車,0,
2024-02-27 15:35,長治交流道-麟洛交流道,北上,大貨車,8,
2024-02-27 15:35,長治交流道-麟洛交流道,北上,聯結車,5,115.2
2024-02-27 15:35,麟洛交流道-竹田系統交流道,北上,小客車,72,
2024-02-27 15:35,麟洛交流道-竹田系統交流道,北上,小貨車,43,
2024-02-27 15:35,麟洛交流道-竹田系統交流道,北上,大客車,1,
2024-02-27 15:35,麟洛交流道-竹田系統交流道,北上,大貨車,8,
2024-02-27 15:35,麟洛交流道-竹田系統交流道,北上,聯結車,3,131.8
2024-02-27 15:35,麟洛交流道-竹田系統交流道,南下,小客車,61,
2024-02-27 15:35,麟洛交流道-竹田系統交流道,南下,小貨車,32,
2024-02-27 15:35,麟洛交流道-竹田系統交流道,南下,大客車,4,
2024-02-27 15:35,麟洛交流道-竹田系統交流道,南下,大貨車,1,
2024-02-27 15:35,麟洛交流道-竹田系統交流道,南下,聯結車,3,104.2
2024-02-27 15:35,竹田系統交流道-崁頂交流道,北上,小客車,99,
2024-02-27 15:35,竹田系統交流道-崁頂交流道,北上,小貨車,46,
2024-02-27 15:35,竹田系統交流道-崁頂交流道,北上,大客車,2,
2024-02-27 15:35,竹田系統交流道-崁頂交流道,北上,大貨車,8,
2024-02-27 15:35,竹田系統交流道-崁頂交流道,北上,聯結車,10,173.0
2024-02-27 15:35,竹田系統交流道-崁頂交流道,南下,小客車,57,
2024-02-27 15:35,竹田系統交流道-崁頂交流道,南下,小貨車,27,
2024-02-27 15:35,竹田系統交流道-崁頂交流道,南下,大客車,6,
2024-02-27 15:35,竹田系統交流道-崁頂交流道,南下,大貨車,5,
2024-02-27 15:35,竹田系統交流道-崁頂交流道,南下,聯結車,6,107.8
2024-02-27 15:35,崁頂交流道-南州交流道,北上,小客車,62,
2024-02-27 15:35,崁頂交流道-南州交流道,北上,小貨車,34,
2024-02-27 15:35,崁頂交流道-南州交流道,北上,大客車,2,
2024-02-27 15:35,崁頂交流道-南州交流道,北上,大貨車,5,
2024-02-27 15:35,崁頂交流道-南州交流道,北上,聯結車,8,117.0
2024-02-27 15:35,崁頂交流道-南州交流道,南下,小客車,50,
2024-02-27 15:35,崁頂交流道-南州交流道,南下,小貨車,22,
2024-02-27 15:35,崁頂交流道-南州交流道,南下,大客車,2,
2024-02-27 15:35,崁頂交流道-南州交流道,南下,大貨車,3,
2024-02-27 15:35,崁頂交流道-南州交流道,南下,聯結車,9,91.6
2024-02-27 15:35,南州交流道-林邊交流道,北上,小客車,21,
2024-02-27 15:35,南州交流道-林邊交流道,北上,小貨車,12,
2024-02-27 15:35,南州交流道-林邊交流道,北上,大客車,0,
2024-02-27 15:35,南州交流道-林邊交流道,北上,大貨車,2,
2024-02-27 15:35,南州交流道-林邊交流道,北上,聯結車,0,35.8
2024-02-27 15:35,南州交流道-林邊交流道,南下,小客車,19,
2024-02-27 15:35,南州交流道-林邊交流道,南下,小貨車,10,
2024-02-27 15:35,南州交流道-林邊交流道,南下,大客車,2,
2024-02-27 15:35,南州交流道-林邊交流道,南下,大貨車,1,
2024-02-27 15:35,南州交流道-林邊交流道,南下,聯結車,0,33.2
2024-02-27 15:35,南港系統交流道-石碇交流道,南下,小客車,116,
2024-02-27 15:35,南港系統交流道-石碇交流道,南下,小貨車,45,
2024-02-27 15:35,南港系統交流道-石碇交流道,南下,大客車,4,
2024-02-27 15:35,南港系統交流道-石碇交流道,南下,大貨車,0,
2024-02-27 15:35,南港系統交流道-石碇交流道,南下,聯結車,0,166.6
2024-02-27 15:35,南港系統交流道-石碇交流道,北上,小客車,147,
2024-02-27 15:35,南港系統交流道-石碇交流道,北上,小貨車,57,
2024-02-27 15:35,南港系統交流道-石碇交流道,北上,大客車,10,
2024-02-27 15:35,南港系統交流道-石碇交流道,北上,大貨車,0,
2024-02-27 15:35,南港系統交流道-石碇交流道,北上,聯結車,0,218.0
2024-02-27 15:35,石碇交流道-頭城交流道,北上,小客車,166,
2024-02-27 15:35,石碇交流道-頭城交流道,北上,小貨車,45,
2024-02-27 15:35,石碇交流道-頭城交流道,北上,大客車,1,
2024-02-27 15:35,石碇交流道-頭城交流道,北上,大貨車,0,
2024-02-27 15:35,石碇交流道-頭城交流道,北上,聯結車,0,212.4
2024-02-27 15:35,石碇交流道-頭城交流道,南下,小客車,130,
2024-02-27 15:35,石碇交流道-頭城交流道,南下,小貨車,41,
2024-02-27 15:35,石碇交流道-頭城交流道,南下,大客車,0,
2024-02-27 15:35,石碇交流道-頭城交流道,南下,大貨車,0,
2024-02-27 15:35,石碇交流道-頭城交流道,南下,聯結車,0,171.0
2024-02-27 15:35,石碇交流道-頭城交流道,北上,小客車,123,
2024-02-27 15:35,石碇交流道-頭城交流道,北上,小貨車,62,
2024-02-27 15:35,石碇交流道-頭城交流道,北上,大客車,6,
2024-02-27 15:35,石碇交流道-頭城交流道,北上,大貨車,0,
2024-02-27 15:35,石碇交流道-頭城交流道,北上,聯結車,0,193.4
2024-02-27 15:35,石碇交流道-頭城交流道,南下,小客車,122,
2024-02-27 15:35,石碇交流道-頭城交流道,南下,小貨車,24,
2024-02-27 15:35,石碇交流道-頭城交流道,南下,大客車,3,
2024-02-27 15:35,石碇交流道-頭城交流道,南下,大貨車,0,
2024-02-27 15:35,石碇交流道-頭城交流道,南下,聯結車,0,150.2
2024-02-27 15:35,頭城交流道-宜蘭交流道,北上,小客車,91,
2024-02-27 15:35,頭城交流道-宜蘭交流道,北上,小貨車,50,
2024-02-27 15:35,頭城交流道-宜蘭交流道,北上,大客車,6,
2024-02-27 15:35,頭城交流道-宜蘭交流道,北上,大貨車,0,
2024-02-27 15:35,頭城交流道-宜蘭交流道,北上,聯結車,3,153.6
2024-02-27 15:35,頭城交流道-宜蘭交流道,南下,小客車,91,
2024-02-27 15:35,頭城交流道-宜蘭交流道,南下,小貨車,25,
2024-02-27 15:35,頭城交流道-宜蘭交流道,南下,大客車,3,
2024-02-27 15:35,頭城交流道-宜蘭交流道,南下,大貨車,3,
2024-02-27 15:35,頭城交流道-宜蘭交流道,南下,聯結車,3,128.6
2024-02-27 15:35,宜蘭交流道-羅東交流道,北上,小客車,77,
2024-02-27 15:35,宜蘭交流道-羅東交流道,北上,小貨車,41,
2024-02-27 15:35,宜蘭交流道-羅東交流道,北上,大客車,6,
2024-02-27 15:35,宜蘭交流道-羅東交流道,北上,大貨車,1,
2024-02-27 15:35,宜蘭交流道-羅東交流道,北上,聯結車,4,133.4
2024-02-27 15:35,宜蘭交流道-羅東交流道,南下,小客車,82,
2024-02-27 15:35,宜蘭交流道-羅東交流道,南下,小貨車,25,
2024-02-27 15:35,宜蘭交流道-羅東交流道,南下,大客車,1,
2024-02-27 15:35,宜蘭交流道-羅東交流道,南下,大貨車,0,
2024-02-27 15:35,宜蘭交流道-羅東交流道,南下,聯結車,3,112.6
2024-02-27 15:35,羅東交流道-蘇澳交流道,南下,小客車,35,
2024-02-27 15:35,羅東交流道-蘇澳交流道,南下,小貨車,9,
2024-02-27 15:35,羅東交流道-蘇澳交流道,南下,大客車,0,
2024-02-27 15:35,羅東交流道-蘇澳交流道,南下,大貨車,1,
2024-02-27 15:35,羅東交流道-蘇澳交流道,南下,聯結車,4,51.0
2024-02-27 15:35,羅東交流道-蘇澳交流道,北上,小客車,61,
2024-02-27 15:35,羅東交流道-蘇澳交流道,北上,小貨車,19,
2024-02-27 15:35,羅東交流道-蘇澳交流道,北上,大客車,4,
2024-02-27 15:35,羅東交流道-蘇澳交流道,北上,大貨車,0,
2024-02-27 15:35,羅東交流道-蘇澳交流道,北上,聯結車,5,92.6
2024-02-27 15:35,石碇交流道-頭城交流道,南下,小客車,33,
2024-02-27 15:35,石碇交流道-頭城交流道,南下,小貨車,6,
2024-02-27 15:35,石碇交流道-頭城交流道,南下,大客車,0,
2024-02-27 15:35,石碇交流道-頭城交流道,南下,大貨車,0,
2024-02-27 15:35,石碇交流道-頭城交流道,南下,聯結車,0,39.0
2024-02-27 15:35,石碇交流道-頭城交流道,北上,小客車,20,
2024-02-27 15:35,石碇交流道-頭城交流道,北上,小貨車,11,
2024-02-27 15:35,石碇交流道-頭城交流道,北上,大客車,0,
2024-02-27 15:35,石碇交流道-頭城交流道,北上,大貨車,0,
2024-02-27 15:35,石碇交流道-頭城交流道,北上,聯結車,5,38.0
